"RSSI, Delt RSRP, Std Dev RSRP, Lat, Long, Altitude, Speed, Classification, Time Elasped, Moni Data",,,,,,,,,
-51,-2,1.707825128,4739.2658N,12219.1203W,44,0,1,15.01512167,"[""b'\\r\\n#MONI:"", 'T-Mobile', 'RSRP:-78', 'RSRQ:-15', 'TAC:2C34', 'Id:14B9A02', 'EARFCN:2300', 'PWR:-43dbm', 'DRX:128\\r\\n#MONI:', 'RSRP:-78', 'RSRQ:-15', 'PhysCellId:000006D', 'EARFCN:2300', 'PWR:-43dbm\\r\\n#MONI:', 'RSRP:-76', 'RSRQ:-13', 'PhysCellId:000006D', 'EARFCN:1050', 'PWR:-53dbm\\r\\n#MONI:', 'RSRP:-77', 'RSRQ:-14', 'PhysCellId:0000101', 'EARFCN:1050', 'PWR:-53dbm\\r\\n#MONI:', 'RSRP:-80', 'RSRQ:-18', 'PhysCellId:0000186', 'EARFCN:1050', ""PWR:-53dbm\\r\\n\\r\\nOK\\r\\n'""]"
-51,-3,1.511857892,4739.2665N,12219.1213W,40,0,1,30.03296963,"[""b'\\r\\n#MONI:"", 'T-Mobile', 'RSRP:-79', 'RSRQ:-15', 'TAC:2C34', 'Id:14B9A02', 'EARFCN:2300', 'PWR:-42dbm', 'DRX:128\\r\\n#MONI:', 'RSRP:-79', 'RSRQ:-15', 'PhysCellId:000006D', 'EARFCN:2300', 'PWR:-42dbm\\r\\n#MONI:', 'RSRP:-79', 'RSRQ:-16', 'PhysCellId:0000101', 'EARFCN:2300', 'PWR:-54dbm\\r\\n#MONI:', 'RSRP:-80', 'RSRQ:-15', 'PhysCellId:00000E5', 'EARFCN:2300', 'PWR:-54dbm\\r\\n#MONI:', 'RSRP:-79', 'RSRQ:-15', 'PhysCellId:000011E', 'EARFCN:2300', 'PWR:-54dbm\\r\\n#MONI:', 'RSRP:-76', 'RSRQ:-13', 'PhysCellId:000006D', 'EARFCN:1050', 'PWR:-53dbm\\r\\n#MONI:', 'RSRP:-77', 'RSRQ:-14', 'PhysCellId:0000101', 'EARFCN:1050', 'PWR:-53dbm\\r\\n#MONI:', 'RSRP:-80', 'RSRQ:-18', 'PhysCellId:0000186', 'EARFCN:1050', ""PWR:-53dbm\\r\\n\\r\\nOK\\r\\n'""]"
-51,-2,2.911389784,4739.2681N,12219.1212W,37.9,0,1,45.04890793,"[""b'\\r\\n#MONI:"", 'T-Mobile', 'RSRP:-78', 'RSRQ:-12', 'TAC:2C34', 'Id:14B9A02', 'EARFCN:2300', 'PWR:-44dbm', 'DRX:128\\r\\n#MONI:', 'RSRP:-78', 'RSRQ:-12', 'PhysCellId:000006D', 'EARFCN:2300', 'PWR:-44dbm\\r\\n#MONI:', 'RSRP:-83', 'RSRQ:-14', 'PhysCellId:00000E5', 'EARFCN:2300', 'PWR:-55dbm\\r\\n#MONI:', 'RSRP:-82', 'RSRQ:-13', 'PhysCellId:000011E', 'EARFCN:2300', 'PWR:-55dbm\\r\\n#MONI:', 'RSRP:-83', 'RSRQ:-15', 'PhysCellId:0000101', 'EARFCN:2300', 'PWR:-55dbm\\r\\n#MONI:', 'RSRP:-76', 'RSRQ:-13', 'PhysCellId:000006D', 'EARFCN:1050', 'PWR:-53dbm\\r\\n#MONI:', 'RSRP:-77', 'RSRQ:-14', 'PhysCellId:0000101', 'EARFCN:1050', 'PWR:-53dbm\\r\\n#MONI:', 'RSRP:-80', 'RSRQ:-18', 'PhysCellId:0000186', 'EARFCN:1050', ""PWR:-53dbm\\r\\n\\r\\nOK\\r\\n'""]"
-51,-3,1.722401424,4739.2682N,12219.1217W,36.1,0,1,60.06613058,"[""b'\\r\\n#MONI:"", 'T-Mobile', 'RSRP:-79', 'RSRQ:-16', 'TAC:2C34', 'Id:14B9A02', 'EARFCN:2300', 'PWR:-42dbm', 'DRX:128\\r\\n#MONI:', 'RSRP:-79', 'RSRQ:-16', 'PhysCellId:000006D', 'EARFCN:2300', 'PWR:-42dbm\\r\\n#MONI:', 'RSRP:-80', 'RSRQ:-14', 'PhysCellId:000011E', 'EARFCN:2300', 'PWR:-54dbm\\r\\n#MONI:', 'RSRP:-77', 'RSRQ:-14', 'PhysCellId:0000101', 'EARFCN:2300', 'PWR:-54dbm\\r\\n#MONI:', 'RSRP:-76', 'RSRQ:-13', 'PhysCellId:000006D', 'EARFCN:1050', 'PWR:-53dbm\\r\\n#MONI:', 'RSRP:-77', 'RSRQ:-14', 'PhysCellId:0000101', 'EARFCN:1050', 'PWR:-53dbm\\r\\n#MONI:', 'RSRP:-80', 'RSRQ:-18', 'PhysCellId:0000186', 'EARFCN:1050', ""PWR:-53dbm\\r\\n\\r\\nOK\\r\\n'""]"
-51,-2,1.788854382,4739.2682N,12219.1214W,37.8,0,1,75.08376431,"[""b'\\r\\n#MONI:"", 'T-Mobile', 'RSRP:-78', 'RSRQ:-15', 'TAC:2C34', 'Id:14B9A02', 'EARFCN:2300', 'PWR:-43dbm', 'DRX:128\\r\\n#MONI:', 'RSRP:-78', 'RSRQ:-15', 'PhysCellId:000006D', 'EARFCN:2300', 'PWR:-43dbm\\r\\n#MONI:', 'RSRP:-80', 'RSRQ:-14', 'PhysCellId:0000101', 'EARFCN:2300', 'PWR:-56dbm\\r\\n#MONI:', 'RSRP:-76', 'RSRQ:-13', 'PhysCellId:000006D', 'EARFCN:1050', 'PWR:-53dbm\\r\\n#MONI:', 'RSRP:-77', 'RSRQ:-14', 'PhysCellId:0000101', 'EARFCN:1050', 'PWR:-53dbm\\r\\n#MONI:', 'RSRP:-80', 'RSRQ:-18', 'PhysCellId:0000186', 'EARFCN:1050', ""PWR:-53dbm\\r\\n\\r\\nOK\\r\\n'""]"
-51,4,3.31662479,4739.2670N,12219.1216W,34.6,0,1,90.09781636,"[""b'\\r\\n#MONI:"", 'T-Mobile', 'RSRP:-72', 'RSRQ:-11', 'TAC:2C34', 'Id:14B9A02', 'EARFCN:2300', 'PWR:-40dbm', 'DRX:128\\r\\n#MONI:', 'RSRP:-72', 'RSRQ:-11', 'PhysCellId:000006D', 'EARFCN:2300', 'PWR:-40dbm\\r\\n#MONI:', 'RSRP:-80', 'RSRQ:-14', 'PhysCellId:0000101', 'EARFCN:2300', 'PWR:-53dbm\\r\\n#MONI:', 'RSRP:-76', 'RSRQ:-13', 'PhysCellId:000006D', 'EARFCN:1050', 'PWR:-53dbm\\r\\n#MONI:', 'RSRP:-77', 'RSRQ:-14', 'PhysCellId:0000101', 'EARFCN:1050', 'PWR:-53dbm\\r\\n#MONI:', 'RSRP:-80', 'RSRQ:-18', 'PhysCellId:0000186', 'EARFCN:1050', ""PWR:-53dbm\\r\\n\\r\\nOK\\r\\n'""]"
-51,-2,2.5,4739.2674N,12219.1220W,30.4,0,1,105.1155452,"[""b'\\r\\n#MONI:"", 'T-Mobile', 'RSRP:-75', 'RSRQ:-15', 'TAC:2C34', 'Id:14B9A02', 'EARFCN:2300', 'PWR:-40dbm', 'DRX:128\\r\\n#MONI:', 'RSRP:-75', 'RSRQ:-15', 'PhysCellId:000006D', 'EARFCN:2300', 'PWR:-40dbm\\r\\n#MONI:', 'RSRP:-73', 'RSRQ:-9', 'PhysCellId:0000101', 'EARFCN:2300', 'PWR:-51dbm\\r\\n#MONI:', 'RSRP:-76', 'RSRQ:-12', 'PhysCellId:000006D', 'EARFCN:1050', 'PWR:-55dbm\\r\\n#MONI:', 'RSRP:-79', 'RSRQ:-14', 'PhysCellId:0000101', 'EARFCN:1050', ""PWR:-55dbm\\r\\n\\r\\nOK\\r\\n'""]"
-51,-2,2.5,4739.2661N,12219.1240W,30.4,0.8,1,120.1336328,"[""b'\\r\\n#MONI:"", 'T-Mobile', 'RSRP:-75', 'RSRQ:-12', 'TAC:2C34', 'Id:14B9A02', 'EARFCN:2300', 'PWR:-42dbm', 'DRX:128\\r\\n#MONI:', 'RSRP:-75', 'RSRQ:-12', 'PhysCellId:000006D', 'EARFCN:2300', 'PWR:-42dbm\\r\\n#MONI:', 'RSRP:-73', 'RSRQ:-9', 'PhysCellId:0000101', 'EARFCN:2300', 'PWR:-51dbm\\r\\n#MONI:', 'RSRP:-76', 'RSRQ:-12', 'PhysCellId:000006D', 'EARFCN:1050', 'PWR:-55dbm\\r\\n#MONI:', 'RSRP:-79', 'RSRQ:-14', 'PhysCellId:0000101', 'EARFCN:1050', ""PWR:-55dbm\\r\\n\\r\\nOK\\r\\n'""]"
-51,-32,15.19868415,4739.2670N,12219.1219W,31.8,0,1,135.1494304,"[""b'\\r\\n#MONI:"", 'T-Mobile', 'RSRP:-76', 'RSRQ:-17', 'TAC:2C34', 'Id:14B9A02', 'EARFCN:2300', 'PWR:-38dbm', 'DRX:128\\r\\n#MONI:', 'RSRP:-76', 'RSRQ:-17', 'PhysCellId:000006D', 'EARFCN:2300', 'PWR:-38dbm\\r\\n#MONI:', 'RSRP:-80', 'RSRQ:-12', 'PhysCellId:0000101', 'EARFCN:2300', 'PWR:-53dbm\\r\\n#MONI:', 'RSRP:-44', 'RSRQ:-3', 'PhysCellId:0000197', 'EARFCN:2300', 'PWR:-53dbm\\r\\n#MONI:', 'RSRP:-76', 'RSRQ:-12', 'PhysCellId:000006D', 'EARFCN:1050', 'PWR:-55dbm\\r\\n#MONI:', 'RSRP:-79', 'RSRQ:-14', 'PhysCellId:0000101', 'EARFCN:1050', ""PWR:-55dbm\\r\\n\\r\\nOK\\r\\n'""]"
-51,1,3.593976442,4739.2671N,12219.1237W,29.5,0,1,150.1674763,"[""b'\\r\\n#MONI:"", 'T-Mobile', 'RSRP:-75', 'RSRQ:-13', 'TAC:2C34', 'Id:14B9A02', 'EARFCN:2300', 'PWR:-42dbm', 'DRX:128\\r\\n#MONI:', 'RSRP:-75', 'RSRQ:-13', 'PhysCellId:000006D', 'EARFCN:2300', 'PWR:-42dbm\\r\\n#MONI:', 'RSRP:-83', 'RSRQ:-14', 'PhysCellId:0000101', 'EARFCN:2300', 'PWR:-53dbm\\r\\n#MONI:', 'RSRP:-76', 'RSRQ:-12', 'PhysCellId:000006D', 'EARFCN:1050', 'PWR:-55dbm\\r\\n#MONI:', 'RSRP:-79', 'RSRQ:-14', 'PhysCellId:0000101', 'EARFCN:1050', ""PWR:-55dbm\\r\\n\\r\\nOK\\r\\n'""]"
-51,0,1.303840481,4739.2673N,12219.1235W,31,0,1,165.1855845,"[""b'\\r\\n#MONI:"", 'T-Mobile', 'RSRP:-78', 'RSRQ:-16', 'TAC:2C34', 'Id:149F903', 'EARFCN:2300', 'PWR:-42dbm', 'DRX:128\\r\\n#MONI:', 'RSRP:-78', 'RSRQ:-16', 'PhysCellId:0000101', 'EARFCN:2300', 'PWR:-42dbm\\r\\n#MONI:', 'RSRP:-80', 'RSRQ:-14', 'PhysCellId:0000197', 'EARFCN:2300', 'PWR:-56dbm\\r\\n#MONI:', 'RSRP:-81', 'RSRQ:-16', 'PhysCellId:000006D', 'EARFCN:2300', 'PWR:-56dbm\\r\\n#MONI:', 'RSRP:-78', 'RSRQ:-15', 'PhysCellId:000006D', 'EARFCN:1050', 'PWR:-54dbm\\r\\n#MONI:', 'RSRP:-79', 'RSRQ:-15', 'PhysCellId:0000101', 'EARFCN:1050', 'PWR:-54dbm\\r\\n#MONI:', 'RSRP:0', 'RSRQ:0', 'PhysCellId:0000000', 'EARFCN:1050', ""PWR:0dbm\\r\\n\\r\\nOK\\r\\n'""]"
-51,-1,3.125166662,4739.2677N,12219.1227W,30.6,0,1,180.1998396,"[""b'\\r\\n#MONI:"", 'T-Mobile', 'RSRP:-77', 'RSRQ:-15', 'TAC:2C34', 'Id:14B9A02', 'EARFCN:2300', 'PWR:-41dbm', 'DRX:128\\r\\n#MONI:', 'RSRP:-77', 'RSRQ:-15', 'PhysCellId:000006D', 'EARFCN:2300', 'PWR:-41dbm\\r\\n#MONI:', 'RSRP:-80', 'RSRQ:-16', 'PhysCellId:0000101', 'EARFCN:2300', 'PWR:-43dbm\\r\\n#MONI:', 'RSRP:-84', 'RSRQ:-15', 'PhysCellId:0000197', 'EARFCN:2300', 'PWR:-56dbm\\r\\n#MONI:', 'RSRP:-76', 'RSRQ:-14', 'PhysCellId:000006D', 'EARFCN:1050', 'PWR:-53dbm\\r\\n#MONI:', 'RSRP:-76', 'RSRQ:-14', 'PhysCellId:0000101', 'EARFCN:1050', 'PWR:-53dbm\\r\\n#MONI:', 'RSRP:-80', 'RSRQ:-16', 'PhysCellId:0000197', 'EARFCN:1050', ""PWR:-53dbm\\r\\n\\r\\nOK\\r\\n'""]"
-51,-2,5.231315959,4739.2673N,12219.1216W,25.6,0,1,195.2180648,"[""b'\\r\\n#MONI:"", 'T-Mobile', 'RSRP:-79', 'RSRQ:-15', 'TAC:2C34', 'Id:149F903', 'EARFCN:2300', 'PWR:-44dbm', 'DRX:128\\r\\n#MONI:', 'RSRP:-79', 'RSRQ:-15', 'PhysCellId:0000101', 'EARFCN:2300', 'PWR:-44dbm\\r\\n#MONI:', 'RSRP:-81', 'RSRQ:-18', 'PhysCellId:000006D', 'EARFCN:2300', 'PWR:-43dbm\\r\\n#MONI:', 'RSRP:-91', 'RSRQ:-20', 'PhysCellId:0000197', 'EARFCN:2300', 'PWR:-55dbm\\r\\n#MONI:', 'RSRP:-77', 'RSRQ:-14', 'PhysCellId:0000101', 'EARFCN:1050', 'PWR:-53dbm\\r\\n#MONI:', 'RSRP:-77', 'RSRQ:-13', 'PhysCellId:000006D', 'EARFCN:1050', 'PWR:-53dbm\\r\\n#MONI:', 'RSRP:-80', 'RSRQ:-16', 'PhysCellId:0000197', 'EARFCN:1050', ""PWR:-53dbm\\r\\n\\r\\nOK\\r\\n'""]"
-51,-7,4.041451884,4739.2658N,12219.1225W,27,0,1,210.2361681,"[""b'\\r\\n#MONI:"", 'T-Mobile', 'RSRP:-83', 'RSRQ:-20', 'TAC:2C34', 'Id:14B9A02', 'EARFCN:2300', 'PWR:-43dbm', 'DRX:128\\r\\n#MONI:', 'RSRP:-83', 'RSRQ:-20', 'PhysCellId:000006D', 'EARFCN:2300', 'PWR:-43dbm\\r\\n#MONI:', 'RSRP:-83', 'RSRQ:-15', 'PhysCellId:0000101', 'EARFCN:2300', 'PWR:-56dbm\\r\\n#MONI:', 'RSRP:-76', 'RSRQ:-13', 'PhysCellId:0000101', 'EARFCN:1050', ""PWR:-54dbm\\r\\n\\r\\nOK\\r\\n'""]"
-51,-2,1.154700538,4739.2644N,12219.1244W,26.5,1.1,1,225.2541546,"[""b'\\r\\n#MONI:"", 'T-Mobile', 'RSRP:-77', 'RSRQ:-15', 'TAC:2C34', 'Id:149F903', 'EARFCN:2300', 'PWR:-38dbm', 'DRX:128\\r\\n#MONI:', 'RSRP:-77', 'RSRQ:-15', 'PhysCellId:0000101', 'EARFCN:2300', 'PWR:-38dbm\\r\\n#MONI:', 'RSRP:-75', 'RSRQ:-18', 'PhysCellId:000006D', 'EARFCN:2300', 'PWR:-37dbm\\r\\n#MONI:', 'RSRP:-75', 'RSRQ:-15', 'PhysCellId:0000101', 'EARFCN:1050', 'PWR:-50dbm\\r\\n#MONI:', 'RSRP:0', 'RSRQ:0', 'PhysCellId:0000000', 'EARFCN:1050', ""PWR:0dbm\\r\\n\\r\\nOK\\r\\n'""]"
-51,-1,0.577350269,4739.2657N,12219.1214W,26.9,2.1,1,240.2722094,"[""b'\\r\\n#MONI:"", 'T-Mobile', 'RSRP:-76', 'RSRQ:-15', 'TAC:2C34', 'Id:149F903', 'EARFCN:2300', 'PWR:-39dbm', 'DRX:128\\r\\n#MONI:', 'RSRP:-76', 'RSRQ:-15', 'PhysCellId:0000101', 'EARFCN:2300', 'PWR:-39dbm\\r\\n#MONI:', 'RSRP:-75', 'RSRQ:-18', 'PhysCellId:000006D', 'EARFCN:2300', 'PWR:-51dbm\\r\\n#MONI:', 'RSRP:-75', 'RSRQ:-15', 'PhysCellId:0000101', 'EARFCN:1050', 'PWR:-50dbm\\r\\n#MONI:', 'RSRP:0', 'RSRQ:0', 'PhysCellId:0000000', 'EARFCN:1050', ""PWR:0dbm\\r\\n\\r\\nOK\\r\\n'""]"
-51,2,3.915780041,4739.2673N,12219.1184W,30.6,0,1,255.2903848,"[""b'\\r\\n#MONI:"", 'T-Mobile', 'RSRP:-74', 'RSRQ:-13', 'TAC:2C34', 'Id:14B9A02', 'EARFCN:2300', 'PWR:-41dbm', 'DRX:128\\r\\n#MONI:', 'RSRP:-74', 'RSRQ:-13', 'PhysCellId:000006D', 'EARFCN:2300', 'PWR:-41dbm\\r\\n#MONI:', 'RSRP:-83', 'RSRQ:-20', 'PhysCellId:0000101', 'EARFCN:2300', 'PWR:-42dbm\\r\\n#MONI:', 'RSRP:-79', 'RSRQ:-15', 'PhysCellId:0000101', 'EARFCN:1050', 'PWR:-55dbm\\r\\n#MONI:', 'RSRP:-76', 'RSRQ:-12', 'PhysCellId:000006D', 'EARFCN:1050', 'PWR:-55dbm\\r\\n#MONI:', 'RSRP:0', 'RSRQ:0', 'PhysCellId:0000000', 'EARFCN:1050', ""PWR:0dbm\\r\\n\\r\\nOK\\r\\n'""]"
-51,0,3.31662479,4739.2689N,12219.1165W,32.7,0,1,270.3084182,"[""b'\\r\\n#MONI:"", 'T-Mobile', 'RSRP:-76', 'RSRQ:-15', 'TAC:2C34', 'Id:14B9A02', 'EARFCN:2300', 'PWR:-41dbm', 'DRX:128\\r\\n#MONI:', 'RSRP:-76', 'RSRQ:-15', 'PhysCellId:000006D', 'EARFCN:2300', 'PWR:-41dbm\\r\\n#MONI:', 'RSRP:-83', 'RSRQ:-20', 'PhysCellId:0000101', 'EARFCN:2300', 'PWR:-42dbm\\r\\n#MONI:', 'RSRP:-79', 'RSRQ:-15', 'PhysCellId:0000101', 'EARFCN:1050', 'PWR:-55dbm\\r\\n#MONI:', 'RSRP:-76', 'RSRQ:-12', 'PhysCellId:000006D', 'EARFCN:1050', 'PWR:-55dbm\\r\\n#MONI:', 'RSRP:0', 'RSRQ:0', 'PhysCellId:0000000', 'EARFCN:1050', ""PWR:0dbm\\r\\n\\r\\nOK\\r\\n'""]"
-51,1,3.593976442,4739.2697N,12219.1177W,32.4,0,1,285.3265408,"[""b'\\r\\n#MONI:"", 'T-Mobile', 'RSRP:-75', 'RSRQ:-13', 'TAC:2C34', 'Id:14B9A02', 'EARFCN:2300', 'PWR:-42dbm', 'DRX:128\\r\\n#MONI:', 'RSRP:-75', 'RSRQ:-13', 'PhysCellId:000006D', 'EARFCN:2300', 'PWR:-42dbm\\r\\n#MONI:', 'RSRP:-83', 'RSRQ:-20', 'PhysCellId:0000101', 'EARFCN:2300', 'PWR:-42dbm\\r\\n#MONI:', 'RSRP:-79', 'RSRQ:-15', 'PhysCellId:0000101', 'EARFCN:1050', 'PWR:-55dbm\\r\\n#MONI:', 'RSRP:-76', 'RSRQ:-12', 'PhysCellId:000006D', 'EARFCN:1050', 'PWR:-55dbm\\r\\n#MONI:', 'RSRP:0', 'RSRQ:0', 'PhysCellId:0000000', 'EARFCN:1050', ""PWR:0dbm\\r\\n\\r\\nOK\\r\\n'""]"
-51,-4,4.472135955,4739.2694N,12219.1197W,34.5,0,1,300.3446945,"[""b'\\r\\n#MONI:"", 'T-Mobile', 'RSRP:-80', 'RSRQ:-18', 'TAC:2C34', 'Id:14B9A02', 'EARFCN:2300', 'PWR:-42dbm', 'DRX:128\\r\\n#MONI:', 'RSRP:-80', 'RSRQ:-18', 'PhysCellId:000006D', 'EARFCN:2300', 'PWR:-42dbm\\r\\n#MONI:', 'RSRP:-78', 'RSRQ:-15', 'PhysCellId:0000101', 'EARFCN:2300', 'PWR:-54dbm\\r\\n#MONI:', 'RSRP:-86', 'RSRQ:-20', 'PhysCellId:000008C', 'EARFCN:2300', 'PWR:-54dbm\\r\\n#MONI:', 'RSRP:-87', 'RSRQ:-19', 'PhysCellId:0000197', 'EARFCN:2300', 'PWR:-54dbm\\r\\n#MONI:', 'RSRP:-79', 'RSRQ:-15', 'PhysCellId:0000101', 'EARFCN:1050', 'PWR:-55dbm\\r\\n#MONI:', 'RSRP:-76', 'RSRQ:-12', 'PhysCellId:000006D', 'EARFCN:1050', 'PWR:-55dbm\\r\\n#MONI:', 'RSRP:0', 'RSRQ:0', 'PhysCellId:0000000', 'EARFCN:1050', ""PWR:0dbm\\r\\n\\r\\nOK\\r\\n'""]"
-51,-3,2.121320344,4739.2669N,12219.1229W,35.2,0,1,315.362798,"[""b'\\r\\n#MONI:"", 'T-Mobile', 'RSRP:-80', 'RSRQ:-14', 'TAC:2C34', 'Id:14B9A02', 'EARFCN:2300', 'PWR:-44dbm', 'DRX:128\\r\\n#MONI:', 'RSRP:-80', 'RSRQ:-14', 'PhysCellId:000006D', 'EARFCN:2300', 'PWR:-44dbm\\r\\n#MONI:', 'RSRP:-82', 'RSRQ:-15', 'PhysCellId:0000101', 'EARFCN:2300', 'PWR:-56dbm\\r\\n#MONI:', 'RSRP:-77', 'RSRQ:-12', 'PhysCellId:000006D', 'EARFCN:1050', 'PWR:-55dbm\\r\\n#MONI:', 'RSRP:-82', 'RSRQ:-16', 'PhysCellId:0000101', 'EARFCN:1050', 'PWR:-55dbm\\r\\n#MONI:', 'RSRP:-79', 'RSRQ:-14', 'PhysCellId:0000197', 'EARFCN:1050', ""PWR:-55dbm\\r\\n\\r\\nOK\\r\\n'""]"
-51,-34,14.67878287,4739.2670N,12219.1222W,35.2,0,1,330.3783774,"[""b'\\r\\n#MONI:"", 'T-Mobile', 'RSRP:-78', 'RSRQ:-17', 'TAC:2C34', 'Id:14B9A02', 'EARFCN:2300', 'PWR:-41dbm', 'DRX:128\\r\\n#MONI:', 'RSRP:-78', 'RSRQ:-17', 'PhysCellId:000006D', 'EARFCN:2300', 'PWR:-41dbm\\r\\n#MONI:', 'RSRP:-82', 'RSRQ:-15', 'PhysCellId:0000101', 'EARFCN:2300', 'PWR:-54dbm\\r\\n#MONI:', 'RSRP:-44', 'RSRQ:-3', 'PhysCellId:0000197', 'EARFCN:2300', 'PWR:-54dbm\\r\\n#MONI:', 'RSRP:-77', 'RSRQ:-12', 'PhysCellId:000006D', 'EARFCN:1050', 'PWR:-55dbm\\r\\n#MONI:', 'RSRP:-82', 'RSRQ:-16', 'PhysCellId:0000101', 'EARFCN:1050', 'PWR:-55dbm\\r\\n#MONI:', 'RSRP:-79', 'RSRQ:-14', 'PhysCellId:0000197', 'EARFCN:1050', ""PWR:-55dbm\\r\\n\\r\\nOK\\r\\n'""]"
-51,2,3.577708764,4739.2658N,12219.1195W,29.2,0,1,345.3948854,"[""b'\\r\\n#MONI:"", 'T-Mobile', 'RSRP:-75', 'RSRQ:-14', 'TAC:2C34', 'Id:14B9A02', 'EARFCN:2300', 'PWR:-40dbm', 'DRX:128\\r\\n#MONI:', 'RSRP:-75', 'RSRQ:-14', 'PhysCellId:000006D', 'EARFCN:2300', 'PWR:-40dbm\\r\\n#MONI:', 'RSRP:-83', 'RSRQ:-17', 'PhysCellId:0000101', 'EARFCN:2300', 'PWR:-54dbm\\r\\n#MONI:', 'RSRP:-84', 'RSRQ:-20', 'PhysCellId:0000197', 'EARFCN:2300', 'PWR:-54dbm\\r\\n#MONI:', 'RSRP:-77', 'RSRQ:-12', 'PhysCellId:000006D', 'EARFCN:1050', 'PWR:-55dbm\\r\\n#MONI:', 'RSRP:-82', 'RSRQ:-16', 'PhysCellId:0000101', 'EARFCN:1050', 'PWR:-55dbm\\r\\n#MONI:', 'RSRP:-79', 'RSRQ:-14', 'PhysCellId:0000197', 'EARFCN:1050', ""PWR:-55dbm\\r\\n\\r\\nOK\\r\\n'""]"
-51,0,2.316606714,4739.2659N,12219.1221W,27.1,0,1,360.4092714,"[""b'\\r\\n#MONI:"", 'T-Mobile', 'RSRP:-77', 'RSRQ:-16', 'TAC:2C34', 'Id:14B9A02', 'EARFCN:2300', 'PWR:-41dbm', 'DRX:128\\r\\n#MONI:', 'RSRP:-77', 'RSRQ:-16', 'PhysCellId:000006D', 'EARFCN:2300', 'PWR:-41dbm\\r\\n#MONI:', 'RSRP:-78', 'RSRQ:-10', 'PhysCellId:0000101', 'EARFCN:2300', 'PWR:-52dbm\\r\\n#MONI:', 'RSRP:-82', 'RSRQ:-13', 'PhysCellId:0000197', 'EARFCN:2300', 'PWR:-52dbm\\r\\n#MONI:', 'RSRP:-77', 'RSRQ:-12', 'PhysCellId:000006D', 'EARFCN:1050', 'PWR:-55dbm\\r\\n#MONI:', 'RSRP:-79', 'RSRQ:-14', 'PhysCellId:0000197', 'EARFCN:1050', 'PWR:-55dbm\\r\\n#MONI:', 'RSRP:-82', 'RSRQ:-16', 'PhysCellId:0000101', 'EARFCN:1050', ""PWR:-55dbm\\r\\n\\r\\nOK\\r\\n'""]"
-51,-4,2.966479395,4739.2654N,12219.1227W,29,0,1,375.427408,"[""b'\\r\\n#MONI:"", 'T-Mobile', 'RSRP:-77', 'RSRQ:-18', 'TAC:2C34', 'Id:149F903', 'EARFCN:2300', 'PWR:-38dbm', 'DRX:128\\r\\n#MONI:', 'RSRP:-77', 'RSRQ:-18', 'PhysCellId:0000101', 'EARFCN:2300', 'PWR:-38dbm\\r\\n#MONI:', 'RSRP:-73', 'RSRQ:-14', 'PhysCellId:000006D', 'EARFCN:2300', 'PWR:-50dbm\\r\\n#MONI:', 'RSRP:-77', 'RSRQ:-14', 'PhysCellId:0000101', 'EARFCN:1050', 'PWR:-54dbm\\r\\n#MONI:', 'RSRP:-75', 'RSRQ:-12', 'PhysCellId:000006D', 'EARFCN:1050', 'PWR:-54dbm\\r\\n#MONI:', 'RSRP:-81', 'RSRQ:-17', 'PhysCellId:0000197', 'EARFCN:1050', ""PWR:-54dbm\\r\\n\\r\\nOK\\r\\n'""]"
-51,2,1.707825128,4739.2664N,12219.1212W,28,1.6,1,390.4454758,"[""b'\\r\\n#MONI:"", 'T-Mobile', 'RSRP:-74', 'RSRQ:-14', 'TAC:2C34', 'Id:2AC230C', 'EARFCN:1050', 'PWR:-40dbm', 'DRX:128\\r\\n#MONI:', 'RSRP:-74', 'RSRQ:-14', 'PhysCellId:000006D', 'EARFCN:1050', 'PWR:-40dbm\\r\\n#MONI:', 'RSRP:-77', 'RSRQ:-16', 'PhysCellId:0000101', 'EARFCN:1050', 'PWR:-52dbm\\r\\n#MONI:', 'RSRP:-78', 'RSRQ:-16', 'PhysCellId:0000101', 'EARFCN:2300', 'PWR:-41dbm\\r\\n#MONI:', 'RSRP:-76', 'RSRQ:-14', 'PhysCellId:000006D', 'EARFCN:2300', ""PWR:-53dbm\\r\\n\\r\\nOK\\r\\n'""]"
-51,-3,3.304037934,4739.2653N,12219.1236W,26.5,0,1,405.4635572,"[""b'\\r\\n#MONI:"", 'T-Mobile', 'RSRP:-77', 'RSRQ:-16', 'TAC:2C34', 'Id:149F90D', 'EARFCN:1050', 'PWR:-41dbm', 'DRX:128\\r\\n#MONI:', 'RSRP:-77', 'RSRQ:-16', 'PhysCellId:0000101', 'EARFCN:1050', 'PWR:-41dbm\\r\\n#MONI:', 'RSRP:-82', 'RSRQ:-20', 'PhysCellId:000006D', 'EARFCN:1050', 'PWR:-41dbm\\r\\n#MONI:', 'RSRP:-78', 'RSRQ:-15', 'PhysCellId:000006D', 'EARFCN:2300', 'PWR:-53dbm\\r\\n#MONI:', 'RSRP:-74', 'RSRQ:-12', 'PhysCellId:0000101', 'EARFCN:2300', ""PWR:-53dbm\\r\\n\\r\\nOK\\r\\n'""]"
-51,-31,15.19210321,4739.2660N,12219.1246W,25.7,0,1,420.4817376,"[""b'\\r\\n#MONI:"", 'T-Mobile', 'RSRP:-75', 'RSRQ:-13', 'TAC:2C34', 'Id:149F90D', 'EARFCN:1050', 'PWR:-42dbm', 'DRX:128\\r\\n#MONI:', 'RSRP:-75', 'RSRQ:-13', 'PhysCellId:0000101', 'EARFCN:1050', 'PWR:-42dbm\\r\\n#MONI:', 'RSRP:-82', 'RSRQ:-20', 'PhysCellId:000006D', 'EARFCN:1050', 'PWR:-56dbm\\r\\n#MONI:', 'RSRP:-44', 'RSRQ:-3', 'PhysCellId:000004A', 'EARFCN:1050', 'PWR:-56dbm\\r\\n#MONI:', 'RSRP:-78', 'RSRQ:-15', 'PhysCellId:000006D', 'EARFCN:2300', 'PWR:-53dbm\\r\\n#MONI:', 'RSRP:-74', 'RSRQ:-12', 'PhysCellId:0000101', 'EARFCN:2300', ""PWR:-53dbm\\r\\n\\r\\nOK\\r\\n'""]"
-51,-3,3.577708764,4739.2644N,12219.1245W,25.6,0,1,435.4999097,"[""b'\\r\\n#MONI:"", 'T-Mobile', 'RSRP:-74', 'RSRQ:-18', 'TAC:2C34', 'Id:149F90D', 'EARFCN:1050', 'PWR:-35dbm', 'DRX:128\\r\\n#MONI:', 'RSRP:-74', 'RSRQ:-18', 'PhysCellId:0000101', 'EARFCN:1050', 'PWR:-35dbm\\r\\n#MONI:', 'RSRP:-71', 'RSRQ:-12', 'PhysCellId:000006D', 'EARFCN:1050', 'PWR:-49dbm\\r\\n#MONI:', 'RSRP:-80', 'RSRQ:-20', 'PhysCellId:000004A', 'EARFCN:1050', 'PWR:-49dbm\\r\\n#MONI:', 'RSRP:-78', 'RSRQ:-15', 'PhysCellId:000006D', 'EARFCN:2300', 'PWR:-53dbm\\r\\n#MONI:', 'RSRP:-74', 'RSRQ:-12', 'PhysCellId:0000101', 'EARFCN:2300', ""PWR:-53dbm\\r\\n\\r\\nOK\\r\\n'""]"
-51,-5,2.5,4739.2653N,12219.1203W,26.8,0,1,450.5181044,"[""b'\\r\\n#MONI:"", 'T-Mobile', 'RSRP:-79', 'RSRQ:-16', 'TAC:2C34', 'Id:149F90D', 'EARFCN:1050', 'PWR:-43dbm', 'DRX:128\\r\\n#MONI:', 'RSRP:-79', 'RSRQ:-16', 'PhysCellId:0000101', 'EARFCN:1050', 'PWR:-43dbm\\r\\n#MONI:', 'RSRP:-79', 'RSRQ:-13', 'PhysCellId:000006D', 'EARFCN:1050', 'PWR:-55dbm\\r\\n#MONI:', 'RSRP:-74', 'RSRQ:-11', 'PhysCellId:0000101', 'EARFCN:2300', 'PWR:-53dbm\\r\\n#MONI:', 'RSRP:-79', 'RSRQ:-15', 'PhysCellId:000006D', 'EARFCN:2300', ""PWR:-53dbm\\r\\n\\r\\nOK\\r\\n'""]"
-51,3,2.160246899,4739.2657N,12219.1192W,28.1,0,1,465.5363978,"[""b'\\r\\n#MONI:"", 'T-Mobile', 'RSRP:-74', 'RSRQ:-12', 'TAC:2C34', 'Id:2AC230C', 'EARFCN:1050', 'PWR:-42dbm', 'DRX:128\\r\\n#MONI:', 'RSRP:-74', 'RSRQ:-12', 'PhysCellId:000006D', 'EARFCN:1050', 'PWR:-42dbm\\r\\n#MONI:', 'RSRP:-79', 'RSRQ:-20', 'PhysCellId:0000101', 'EARFCN:1050', 'PWR:-36dbm\\r\\n#MONI:', 'RSRP:-77', 'RSRQ:-13', 'PhysCellId:000006D', 'EARFCN:2300', 'PWR:-55dbm\\r\\n#MONI:', 'RSRP:-78', 'RSRQ:-14', 'PhysCellId:0000101', 'EARFCN:2300', ""PWR:-55dbm\\r\\n\\r\\nOK\\r\\n'""]"
-51,3,2.160246899,4739.2663N,12219.1192W,28.8,0.8,1,480.5546224,"[""b'\\r\\n#MONI:"", 'T-Mobile', 'RSRP:-74', 'RSRQ:-17', 'TAC:2C34', 'Id:2AC230C', 'EARFCN:1050', 'PWR:-37dbm', 'DRX:128\\r\\n#MONI:', 'RSRP:-74', 'RSRQ:-17', 'PhysCellId:000006D', 'EARFCN:1050', 'PWR:-37dbm\\r\\n#MONI:', 'RSRP:-79', 'RSRQ:-20', 'PhysCellId:0000101', 'EARFCN:1050', 'PWR:-36dbm\\r\\n#MONI:', 'RSRP:-77', 'RSRQ:-13', 'PhysCellId:000006D', 'EARFCN:2300', 'PWR:-55dbm\\r\\n#MONI:', 'RSRP:-78', 'RSRQ:-14', 'PhysCellId:0000101', 'EARFCN:2300', ""PWR:-55dbm\\r\\n\\r\\nOK\\r\\n'""]"
-51,-29,14.23610434,4739.2657N,12219.1195W,29.8,0,1,495.5736115,"[""b'\\r\\n#MONI:"", 'T-Mobile', 'RSRP:-73', 'RSRQ:-13', 'TAC:2C34', 'Id:2AC230C', 'EARFCN:1050', 'PWR:-39dbm', 'DRX:128\\r\\n#MONI:', 'RSRP:-73', 'RSRQ:-13', 'PhysCellId:000006D', 'EARFCN:1050', 'PWR:-39dbm\\r\\n#MONI:', 'RSRP:-80', 'RSRQ:-15', 'PhysCellId:0000101', 'EARFCN:1050', 'PWR:-51dbm\\r\\n#MONI:', 'RSRP:-82', 'RSRQ:-17', 'PhysCellId:000014F', 'EARFCN:1050', 'PWR:-51dbm\\r\\n#MONI:', 'RSRP:-44', 'RSRQ:-3', 'PhysCellId:0000186', 'EARFCN:1050', 'PWR:-51dbm\\r\\n#MONI:', 'RSRP:-76', 'RSRQ:-10', 'PhysCellId:000006D', 'EARFCN:2300', 'PWR:-55dbm\\r\\n#MONI:', 'RSRP:-79', 'RSRQ:-15', 'PhysCellId:0000101', 'EARFCN:2300', ""PWR:-55dbm\\r\\n\\r\\nOK\\r\\n'""]"
-51,-4,1.516575089,4739.2656N,12219.1200W,28,0,1,510.5949678,"[""b'\\r\\n#MONI:"", 'T-Mobile', 'RSRP:-80', 'RSRQ:-19', 'TAC:2C34', 'Id:2AC230C', 'EARFCN:1050', 'PWR:-40dbm', 'DRX:128\\r\\n#MONI:', 'RSRP:-80', 'RSRQ:-19', 'PhysCellId:000006D', 'EARFCN:1050', 'PWR:-40dbm\\r\\n#MONI:', 'RSRP:-78', 'RSRQ:-15', 'PhysCellId:0000101', 'EARFCN:1050', 'PWR:-54dbm\\r\\n#MONI:', 'RSRP:-79', 'RSRQ:-15', 'PhysCellId:00000AF', 'EARFCN:1050', 'PWR:-54dbm\\r\\n#MONI:', 'RSRP:-76', 'RSRQ:-10', 'PhysCellId:000006D', 'EARFCN:2300', 'PWR:-55dbm\\r\\n#MONI:', 'RSRP:-79', 'RSRQ:-15', 'PhysCellId:0000101', 'EARFCN:2300', ""PWR:-55dbm\\r\\n\\r\\nOK\\r\\n'""]"
-51,-3,1.224744871,4739.2665N,12219.1187W,29.1,0,1,525.6092229,"[""b'\\r\\n#MONI:"", 'T-Mobile', 'RSRP:-79', 'RSRQ:-17', 'TAC:2C34', 'Id:2AC230C', 'EARFCN:1050', 'PWR:-41dbm', 'DRX:128\\r\\n#MONI:', 'RSRP:-79', 'RSRQ:-17', 'PhysCellId:000006D', 'EARFCN:1050', 'PWR:-41dbm\\r\\n#MONI:', 'RSRP:-78', 'RSRQ:-15', 'PhysCellId:0000101', 'EARFCN:1050', 'PWR:-53dbm\\r\\n#MONI:', 'RSRP:-78', 'RSRQ:-15', 'PhysCellId:00000AF', 'EARFCN:1050', 'PWR:-53dbm\\r\\n#MONI:', 'RSRP:-76', 'RSRQ:-10', 'PhysCellId:000006D', 'EARFCN:2300', 'PWR:-55dbm\\r\\n#MONI:', 'RSRP:-79', 'RSRQ:-15', 'PhysCellId:0000101', 'EARFCN:2300', ""PWR:-55dbm\\r\\n\\r\\nOK\\r\\n'""]"
-51,3,3.946064948,4739.2657N,12219.1190W,31.4,0,1,540.6300855,"[""b'\\r\\n#MONI:"", 'T-Mobile', 'RSRP:-72', 'RSRQ:-11', 'TAC:2C34', 'Id:2AC230C', 'EARFCN:1050', 'PWR:-40dbm', 'DRX:128\\r\\n#MONI:', 'RSRP:-72', 'RSRQ:-11', 'PhysCellId:000006D', 'EARFCN:1050', 'PWR:-40dbm\\r\\n#MONI:', 'RSRP:-75', 'RSRQ:-13', 'PhysCellId:0000101', 'EARFCN:1050', 'PWR:-52dbm\\r\\n#MONI:', 'RSRP:-77', 'RSRQ:-15', 'PhysCellId:0000197', 'EARFCN:1050', 'PWR:-52dbm\\r\\n#MONI:', 'RSRP:-80', 'RSRQ:-16', 'PhysCellId:000014F', 'EARFCN:1050', 'PWR:-52dbm\\r\\n#MONI:', 'RSRP:-80', 'RSRQ:-16', 'PhysCellId:0000186', 'EARFCN:1050', 'PWR:-52dbm\\r\\n#MONI:', 'RSRP:-84', 'RSRQ:-19', 'PhysCellId:00000AF', 'EARFCN:1050', 'PWR:-52dbm\\r\\n#MONI:', 'RSRP:-76', 'RSRQ:-14', 'PhysCellId:000006D', 'EARFCN:2300', ""PWR:-53dbm\\r\\n\\r\\nOK\\r\\n'""]"
-51,6,5.507570547,4739.2664N,12219.1186W,28.6,0,1,555.645093,"[""b'\\r\\n#MONI:"", 'T-Mobile', 'RSRP:-72', 'RSRQ:-15', 'TAC:2C34', 'Id:2AC230C', 'EARFCN:1050', 'PWR:-37dbm', 'DRX:128\\r\\n#MONI:', 'RSRP:-72', 'RSRQ:-15', 'PhysCellId:000006D', 'EARFCN:1050', 'PWR:-37dbm\\r\\n#MONI:', 'RSRP:-78', 'RSRQ:-17', 'PhysCellId:0000101', 'EARFCN:1050', 'PWR:-51dbm\\r\\n#MONI:', 'RSRP:-83', 'RSRQ:-20', 'PhysCellId:0000197', 'EARFCN:1050', ""PWR:-51dbm\\r\\n\\r\\nOK\\r\\n'""]"
-51,7,6.027713773,4739.2659N,12219.1189W,32,0,1,570.6631175,"[""b'\\r\\n#MONI:"", 'T-Mobile', 'RSRP:-76', 'RSRQ:-13', 'TAC:2C34', 'Id:2AC230C', 'EARFCN:1050', 'PWR:-43dbm', 'DRX:128\\r\\n#MONI:', 'RSRP:-76', 'RSRQ:-13', 'PhysCellId:000006D', 'EARFCN:1050', 'PWR:-43dbm\\r\\n#MONI:', 'RSRP:-83', 'RSRQ:-20', 'PhysCellId:0000101', 'EARFCN:1050', 'PWR:-52dbm\\r\\n#MONI:', 'RSRP:-88', 'RSRQ:-20', 'PhysCellId:00000AF', 'EARFCN:1050', ""PWR:-52dbm\\r\\n\\r\\nOK\\r\\n'""]"
-51,-1,5.507570547,4739.2652N,12219.1218W,27.2,0,1,585.6811794,"[""b'\\r\\n#MONI:"", 'T-Mobile', 'RSRP:-80', 'RSRQ:-16', 'TAC:2C34', 'Id:2AC230C', 'EARFCN:1050', 'PWR:-43dbm', 'DRX:128\\r\\n#MONI:', 'RSRP:-80', 'RSRQ:-16', 'PhysCellId:000006D', 'EARFCN:1050', 'PWR:-43dbm\\r\\n#MONI:', 'RSRP:-79', 'RSRQ:-10', 'PhysCellId:0000101', 'EARFCN:1050', 'PWR:-58dbm\\r\\n#MONI:', 'RSRP:-89', 'RSRQ:-20', 'PhysCellId:0000197', 'EARFCN:1050', 'PWR:-56dbm\\r\\n#MONI:', 'RSRP:0', 'RSRQ:0', 'PhysCellId:0000000', 'EARFCN:2300', ""PWR:0dbm\\r\\n\\r\\nOK\\r\\n'""]"
-51,3,3,4739.2643N,12219.1221W,29.3,0,1,600.699245,"[""b'\\r\\n#MONI:"", 'T-Mobile', 'RSRP:-76', 'RSRQ:-13', 'TAC:2C34', 'Id:2AC230C', 'EARFCN:1050', 'PWR:-42dbm', 'DRX:128\\r\\n#MONI:', 'RSRP:-76', 'RSRQ:-13', 'PhysCellId:000006D', 'EARFCN:1050', 'PWR:-42dbm\\r\\n#MONI:', 'RSRP:-79', 'RSRQ:-11', 'PhysCellId:0000101', 'EARFCN:1050', 'PWR:-54dbm\\r\\n#MONI:', 'RSRP:-82', 'RSRQ:-15', 'PhysCellId:0000197', 'EARFCN:1050', 'PWR:-54dbm\\r\\n#MONI:', 'RSRP:0', 'RSRQ:0', 'PhysCellId:0000000', 'EARFCN:2300', ""PWR:0dbm\\r\\n\\r\\nOK\\r\\n'""]"
