"RSSI, Delt RSRP, Std Dev RSRP, Lat, Long, Altitude, Speed, Classification, Time Elasped, Moni Data"
-59,-2,1.6914819275153699,,,,,0,15.018550524000148,"[""b'\\r\\n#MONI:"", 'T-Mobile', 'RSRP:-92', 'RSRQ:-16', 'TAC:2C34', 'Id:149FB0D', 'EARFCN:1050', 'PWR:-56dbm', 'DRX:128\\r\\n#MONI:', 'RSRP:-92', 'RSRQ:-16', 'PhysCellId:000013D', 'EARFCN:1050', 'PWR:-56dbm\\r\\n#MONI:', 'RSRP:-92', 'RSRQ:-15', 'PhysCellId:0000008', 'EARFCN:1050', 'PWR:-68dbm\\r\\n#MONI:', 'RSRP:-93', 'RSRQ:-16', 'PhysCellId:000002A', 'EARFCN:1050', 'PWR:-68dbm\\r\\n#MONI:', 'RSRP:-91', 'RSRQ:-15', 'PhysCellId:000002A', 'EARFCN:5035', 'PWR:-61dbm\\r\\n#MONI:', 'RSRP:-90', 'RSRQ:-14', 'PhysCellId:000013D', 'EARFCN:5035', 'PWR:-66dbm\\r\\n#MONI:', 'RSRP:-92', 'RSRQ:-17', 'PhysCellId:00000E5', 'EARFCN:5035', 'PWR:-66dbm\\r\\n#MONI:', 'RSRP:-90', 'RSRQ:-13', 'PhysCellId:0000018', 'EARFCN:5035', 'PWR:-66dbm\\r\\n#MONI:', 'RSRP:-94', 'RSRQ:-16', 'PhysCellId:000013D', 'EARFCN:2300', 'PWR:-57dbm\\r\\n#MONI:', 'RSRP:-95', 'RSRQ:-16', 'PhysCellId:00000F0', 'EARFCN:2300', 'PWR:-68dbm\\r\\n#MONI:', 'RSRP:0', 'RSRQ:0', 'PhysCellId:0000000', 'EARFCN:2300', ""PWR:0dbm\\r\\n\\r\\nOK\\r\\n'""]"
-59,3,2.3687784005919825,,,,,0,30.036711942000238,"[""b'\\r\\n#MONI:"", 'T-Mobile', 'RSRP:-87', 'RSRQ:-15', 'TAC:2C34', 'Id:149FB0D', 'EARFCN:1050', 'PWR:-52dbm', 'DRX:128\\r\\n#MONI:', 'RSRP:-87', 'RSRQ:-15', 'PhysCellId:000013D', 'EARFCN:1050', 'PWR:-52dbm\\r\\n#MONI:', 'RSRP:-90', 'RSRQ:-13', 'PhysCellId:0000008', 'EARFCN:1050', 'PWR:-67dbm\\r\\n#MONI:', 'RSRP:-91', 'RSRQ:-13', 'PhysCellId:000002A', 'EARFCN:1050', 'PWR:-67dbm\\r\\n#MONI:', 'RSRP:-91', 'RSRQ:-15', 'PhysCellId:000002A', 'EARFCN:5035', 'PWR:-61dbm\\r\\n#MONI:', 'RSRP:-90', 'RSRQ:-14', 'PhysCellId:000013D', 'EARFCN:5035', 'PWR:-66dbm\\r\\n#MONI:', 'RSRP:-92', 'RSRQ:-17', 'PhysCellId:00000E5', 'EARFCN:5035', 'PWR:-66dbm\\r\\n#MONI:', 'RSRP:-90', 'RSRQ:-13', 'PhysCellId:0000018', 'EARFCN:5035', 'PWR:-66dbm\\r\\n#MONI:', 'RSRP:-94', 'RSRQ:-16', 'PhysCellId:000013D', 'EARFCN:2300', 'PWR:-57dbm\\r\\n#MONI:', 'RSRP:-95', 'RSRQ:-16', 'PhysCellId:00000F0', 'EARFCN:2300', 'PWR:-68dbm\\r\\n#MONI:', 'RSRP:0', 'RSRQ:0', 'PhysCellId:0000000', 'EARFCN:2300', ""PWR:0dbm\\r\\n\\r\\nOK\\r\\n'""]"
-51,-2,1.4459976109624424,,,,,0,45.05260151599987,"[""b'\\r\\n#MONI:"", 'T-Mobile', 'RSRP:-91', 'RSRQ:-16', 'TAC:2C34', 'Id:149FB0D', 'EARFCN:1050', 'PWR:-55dbm', 'DRX:128\\r\\n#MONI:', 'RSRP:-91', 'RSRQ:-16', 'PhysCellId:000013D', 'EARFCN:1050', 'PWR:-55dbm\\r\\n#MONI:', 'RSRP:-90', 'RSRQ:-11', 'PhysCellId:0000008', 'EARFCN:1050', 'PWR:-70dbm\\r\\n#MONI:', 'RSRP:-93', 'RSRQ:-14', 'PhysCellId:000002A', 'EARFCN:1050', 'PWR:-70dbm\\r\\n#MONI:', 'RSRP:-93', 'RSRQ:-14', 'PhysCellId:00000F0', 'EARFCN:1050', 'PWR:-70dbm\\r\\n#MONI:', 'RSRP:-91', 'RSRQ:-15', 'PhysCellId:000002A', 'EARFCN:5035', 'PWR:-61dbm\\r\\n#MONI:', 'RSRP:-90', 'RSRQ:-14', 'PhysCellId:000013D', 'EARFCN:5035', 'PWR:-66dbm\\r\\n#MONI:', 'RSRP:-92', 'RSRQ:-17', 'PhysCellId:00000E5', 'EARFCN:5035', 'PWR:-66dbm\\r\\n#MONI:', 'RSRP:-90', 'RSRQ:-13', 'PhysCellId:0000018', 'EARFCN:5035', 'PWR:-66dbm\\r\\n#MONI:', 'RSRP:-89', 'RSRQ:-14', 'PhysCellId:000013D', 'EARFCN:2300', 'PWR:-64dbm\\r\\n#MONI:', 'RSRP:-89', 'RSRQ:-16', 'PhysCellId:00000F0', 'EARFCN:2300', 'PWR:-64dbm\\r\\n#MONI:', 'RSRP:-92', 'RSRQ:-19', 'PhysCellId:0000166', 'EARFCN:2300', 'PWR:-64dbm\\r\\n#MONI:', 'RSRP:0', 'RSRQ:0', 'PhysCellId:0000000', 'EARFCN:2300', ""PWR:0dbm\\r\\n\\r\\nOK\\r\\n'""]"
-57,-3,3.1534813214040835,,,,,0,60.071490736000214,"[""b'\\r\\n#MONI:"", 'T-Mobile', 'RSRP:-93', 'RSRQ:-15', 'TAC:2C34', 'Id:149FB0D', 'EARFCN:1050', 'PWR:-58dbm', 'DRX:128\\r\\n#MONI:', 'RSRP:-93', 'RSRQ:-15', 'PhysCellId:000013D', 'EARFCN:1050', 'PWR:-58dbm\\r\\n#MONI:', 'RSRP:-92', 'RSRQ:-11', 'PhysCellId:0000008', 'EARFCN:1050', 'PWR:-70dbm\\r\\n#MONI:', 'RSRP:-97', 'RSRQ:-17', 'PhysCellId:0000091', 'EARFCN:1050', 'PWR:-70dbm\\r\\n#MONI:', 'RSRP:-91', 'RSRQ:-15', 'PhysCellId:000002A', 'EARFCN:5035', 'PWR:-61dbm\\r\\n#MONI:', 'RSRP:-90', 'RSRQ:-14', 'PhysCellId:000013D', 'EARFCN:5035', 'PWR:-66dbm\\r\\n#MONI:', 'RSRP:-92', 'RSRQ:-17', 'PhysCellId:00000E5', 'EARFCN:5035', 'PWR:-66dbm\\r\\n#MONI:', 'RSRP:-90', 'RSRQ:-13', 'PhysCellId:0000018', 'EARFCN:5035', 'PWR:-66dbm\\r\\n#MONI:', 'RSRP:-99', 'RSRQ:-18', 'PhysCellId:0000008', 'EARFCN:2300', 'PWR:-71dbm\\r\\n#MONI:', 'RSRP:-95', 'RSRQ:-15', 'PhysCellId:000013D', 'EARFCN:2300', 'PWR:-71dbm\\r\\n#MONI:', 'RSRP:0', 'RSRQ:0', 'PhysCellId:0000000', 'EARFCN:2300', 'PWR:0dbm\\r\\n#MONI:', 'RSRP:0', 'RSRQ:0', 'PhysCellId:0000000', 'EARFCN:2300', ""PWR:0dbm\\r\\n\\r\\nOK\\r\\n'""]"
-59,1,4.566677726153386,,,,,0,75.08989816199983,"[""b'\\r\\n#MONI:"", 'T-Mobile', 'RSRP:-89', 'RSRQ:-15', 'TAC:2C34', 'Id:149FB0D', 'EARFCN:1050', 'PWR:-53dbm', 'DRX:128\\r\\n#MONI:', 'RSRP:-89', 'RSRQ:-15', 'PhysCellId:000013D', 'EARFCN:1050', 'PWR:-53dbm\\r\\n#MONI:', 'RSRP:-93', 'RSRQ:-15', 'PhysCellId:0000008', 'EARFCN:1050', 'PWR:-69dbm\\r\\n#MONI:', 'RSRP:-94', 'RSRQ:-16', 'PhysCellId:00000F0', 'EARFCN:1050', 'PWR:-69dbm\\r\\n#MONI:', 'RSRP:-91', 'RSRQ:-15', 'PhysCellId:000002A', 'EARFCN:5035', 'PWR:-61dbm\\r\\n#MONI:', 'RSRP:-90', 'RSRQ:-14', 'PhysCellId:000013D', 'EARFCN:5035', 'PWR:-66dbm\\r\\n#MONI:', 'RSRP:-92', 'RSRQ:-17', 'PhysCellId:00000E5', 'EARFCN:5035', 'PWR:-66dbm\\r\\n#MONI:', 'RSRP:-90', 'RSRQ:-13', 'PhysCellId:0000018', 'EARFCN:5035', 'PWR:-66dbm\\r\\n#MONI:', 'RSRP:-98', 'RSRQ:-13', 'PhysCellId:000013D', 'EARFCN:2300', 'PWR:-74dbm\\r\\n#MONI:', 'RSRP:-99', 'RSRQ:-15', 'PhysCellId:0000008', 'EARFCN:2300', 'PWR:-74dbm\\r\\n#MONI:', 'RSRP:-101', 'RSRQ:-16', 'PhysCellId:000000C', 'EARFCN:2300', 'PWR:-74dbm\\r\\n#MONI:', 'RSRP:-101', 'RSRQ:-17', 'PhysCellId:00001B5', 'EARFCN:2300', ""PWR:-75dbm\\r\\n\\r\\nOK\\r\\n'""]"
-51,4,7.266890140059385,,,,,0,90.10840588600013,"[""b'\\r\\n#MONI:"", 'T-Mobile', 'RSRP:-78', 'RSRQ:-10', 'TAC:2C34', 'Id:149FB0D', 'EARFCN:1050', 'PWR:-48dbm', 'DRX:128\\r\\n#MONI:', 'RSRP:-78', 'RSRQ:-10', 'PhysCellId:000013D', 'EARFCN:1050', 'PWR:-48dbm\\r\\n#MONI:', 'RSRP:-82', 'RSRQ:-13', 'PhysCellId:0000008', 'EARFCN:1050', 'PWR:-59dbm\\r\\n#MONI:', 'RSRP:-85', 'RSRQ:-16', 'PhysCellId:000000C', 'EARFCN:1050', 'PWR:-59dbm\\r\\n#MONI:', 'RSRP:-87', 'RSRQ:-17', 'PhysCellId:00000E5', 'EARFCN:1050', 'PWR:-59dbm\\r\\n#MONI:', 'RSRP:-87', 'RSRQ:-18', 'PhysCellId:00000F0', 'EARFCN:1050', 'PWR:-59dbm\\r\\n#MONI:', 'RSRP:-91', 'RSRQ:-15', 'PhysCellId:000002A', 'EARFCN:5035', 'PWR:-61dbm\\r\\n#MONI:', 'RSRP:-90', 'RSRQ:-14', 'PhysCellId:000013D', 'EARFCN:5035', 'PWR:-66dbm\\r\\n#MONI:', 'RSRP:-92', 'RSRQ:-17', 'PhysCellId:00000E5', 'EARFCN:5035', 'PWR:-66dbm\\r\\n#MONI:', 'RSRP:-90', 'RSRQ:-13', 'PhysCellId:0000018', 'EARFCN:5035', 'PWR:-66dbm\\r\\n#MONI:', 'RSRP:-98', 'RSRQ:-13', 'PhysCellId:000013D', 'EARFCN:2300', 'PWR:-74dbm\\r\\n#MONI:', 'RSRP:-99', 'RSRQ:-15', 'PhysCellId:0000008', 'EARFCN:2300', 'PWR:-74dbm\\r\\n#MONI:', 'RSRP:-101', 'RSRQ:-16', 'PhysCellId:000000C', 'EARFCN:2300', 'PWR:-74dbm\\r\\n#MONI:', 'RSRP:-101', 'RSRQ:-17', 'PhysCellId:00001B5', 'EARFCN:2300', ""PWR:-75dbm\\r\\n\\r\\nOK\\r\\n'""]"
-57,-1,4.079341324408347,,,,,0,105.12685418699994,"[""b'\\r\\n#MONI:"", 'T-Mobile', 'RSRP:-91', 'RSRQ:-15', 'TAC:2C34', 'Id:149FB0D', 'EARFCN:1050', 'PWR:-56dbm', 'DRX:128\\r\\n#MONI:', 'RSRP:-91', 'RSRQ:-15', 'PhysCellId:000013D', 'EARFCN:1050', 'PWR:-56dbm\\r\\n#MONI:', 'RSRP:-92', 'RSRQ:-13', 'PhysCellId:0000008', 'EARFCN:1050', 'PWR:-69dbm\\r\\n#MONI:', 'RSRP:-96', 'RSRQ:-17', 'PhysCellId:000002A', 'EARFCN:1050', 'PWR:-69dbm\\r\\n#MONI:', 'RSRP:-96', 'RSRQ:-17', 'PhysCellId:000000C', 'EARFCN:1050', 'PWR:-69dbm\\r\\n#MONI:', 'RSRP:-96', 'RSRQ:-17', 'PhysCellId:00000E5', 'EARFCN:1050', 'PWR:-69dbm\\r\\n#MONI:', 'RSRP:-91', 'RSRQ:-15', 'PhysCellId:000002A', 'EARFCN:5035', 'PWR:-61dbm\\r\\n#MONI:', 'RSRP:-90', 'RSRQ:-14', 'PhysCellId:000013D', 'EARFCN:5035', 'PWR:-66dbm\\r\\n#MONI:', 'RSRP:-92', 'RSRQ:-17', 'PhysCellId:00000E5', 'EARFCN:5035', 'PWR:-66dbm\\r\\n#MONI:', 'RSRP:-90', 'RSRQ:-13', 'PhysCellId:0000018', 'EARFCN:5035', 'PWR:-66dbm\\r\\n#MONI:', 'RSRP:-98', 'RSRQ:-13', 'PhysCellId:000013D', 'EARFCN:2300', 'PWR:-74dbm\\r\\n#MONI:', 'RSRP:-99', 'RSRQ:-15', 'PhysCellId:0000008', 'EARFCN:2300', 'PWR:-74dbm\\r\\n#MONI:', 'RSRP:-101', 'RSRQ:-16', 'PhysCellId:000000C', 'EARFCN:2300', 'PWR:-74dbm\\r\\n#MONI:', 'RSRP:-101', 'RSRQ:-17', 'PhysCellId:00001B5', 'EARFCN:2300', ""PWR:-75dbm\\r\\n\\r\\nOK\\r\\n'""]"
-59,-2,4.601547829181222,,,,,0,120.1452534770001,"[""b'\\r\\n#MONI:"", 'T-Mobile', 'RSRP:-92', 'RSRQ:-12', 'TAC:2C34', 'Id:149FB0D', 'EARFCN:1050', 'PWR:-60dbm', 'DRX:128\\r\\n#MONI:', 'RSRP:-92', 'RSRQ:-12', 'PhysCellId:000013D', 'EARFCN:1050', 'PWR:-60dbm\\r\\n#MONI:', 'RSRP:-93', 'RSRQ:-10', 'PhysCellId:0000008', 'EARFCN:1050', 'PWR:-73dbm\\r\\n#MONI:', 'RSRP:-99', 'RSRQ:-15', 'PhysCellId:000002A', 'EARFCN:1050', 'PWR:-73dbm\\r\\n#MONI:', 'RSRP:-101', 'RSRQ:-19', 'PhysCellId:000000C', 'EARFCN:1050', 'PWR:-73dbm\\r\\n#MONI:', 'RSRP:-91', 'RSRQ:-15', 'PhysCellId:000002A', 'EARFCN:5035', 'PWR:-61dbm\\r\\n#MONI:', 'RSRP:-90', 'RSRQ:-14', 'PhysCellId:000013D', 'EARFCN:5035', 'PWR:-66dbm\\r\\n#MONI:', 'RSRP:-92', 'RSRQ:-17', 'PhysCellId:00000E5', 'EARFCN:5035', 'PWR:-66dbm\\r\\n#MONI:', 'RSRP:-90', 'RSRQ:-13', 'PhysCellId:0000018', 'EARFCN:5035', 'PWR:-66dbm\\r\\n#MONI:', 'RSRP:-98', 'RSRQ:-13', 'PhysCellId:000013D', 'EARFCN:2300', 'PWR:-74dbm\\r\\n#MONI:', 'RSRP:-99', 'RSRQ:-15', 'PhysCellId:0000008', 'EARFCN:2300', 'PWR:-74dbm\\r\\n#MONI:', 'RSRP:-101', 'RSRQ:-16', 'PhysCellId:000000C', 'EARFCN:2300', 'PWR:-74dbm\\r\\n#MONI:', 'RSRP:-101', 'RSRQ:-17', 'PhysCellId:00001B5', 'EARFCN:2300', ""PWR:-75dbm\\r\\n\\r\\nOK\\r\\n'""]"
-57,-3,4.219004621945797,,,,,0,135.16459027400015,"[""b'\\r\\n#MONI:"", 'T-Mobile', 'RSRP:-93', 'RSRQ:-16', 'TAC:2C34', 'Id:149FB0D', 'EARFCN:1050', 'PWR:-56dbm', 'DRX:128\\r\\n#MONI:', 'RSRP:-93', 'RSRQ:-16', 'PhysCellId:000013D', 'EARFCN:1050', 'PWR:-56dbm\\r\\n#MONI:', 'RSRP:-94', 'RSRQ:-14', 'PhysCellId:0000008', 'EARFCN:1050', 'PWR:-71dbm\\r\\n#MONI:', 'RSRP:-96', 'RSRQ:-16', 'PhysCellId:000000C', 'EARFCN:1050', 'PWR:-71dbm\\r\\n#MONI:', 'RSRP:-91', 'RSRQ:-15', 'PhysCellId:000002A', 'EARFCN:5035', 'PWR:-61dbm\\r\\n#MONI:', 'RSRP:-90', 'RSRQ:-14', 'PhysCellId:000013D', 'EARFCN:5035', 'PWR:-66dbm\\r\\n#MONI:', 'RSRP:-92', 'RSRQ:-17', 'PhysCellId:00000E5', 'EARFCN:5035', 'PWR:-66dbm\\r\\n#MONI:', 'RSRP:-90', 'RSRQ:-13', 'PhysCellId:0000018', 'EARFCN:5035', 'PWR:-66dbm\\r\\n#MONI:', 'RSRP:-98', 'RSRQ:-13', 'PhysCellId:000013D', 'EARFCN:2300', 'PWR:-74dbm\\r\\n#MONI:', 'RSRP:-99', 'RSRQ:-15', 'PhysCellId:0000008', 'EARFCN:2300', 'PWR:-74dbm\\r\\n#MONI:', 'RSRP:-101', 'RSRQ:-16', 'PhysCellId:000000C', 'EARFCN:2300', 'PWR:-74dbm\\r\\n#MONI:', 'RSRP:-101', 'RSRQ:-17', 'PhysCellId:00001B5', 'EARFCN:2300', ""PWR:-75dbm\\r\\n\\r\\nOK\\r\\n'""]"
-55,-2,4.261881786680195,,,,,0,150.18812127799993,"[""b'\\r\\n#MONI:"", 'T-Mobile', 'RSRP:-92', 'RSRQ:-15', 'TAC:2C34', 'Id:149FB0D', 'EARFCN:1050', 'PWR:-57dbm', 'DRX:128\\r\\n#MONI:', 'RSRP:-92', 'RSRQ:-15', 'PhysCellId:000013D', 'EARFCN:1050', 'PWR:-57dbm\\r\\n#MONI:', 'RSRP:-94', 'RSRQ:-14', 'PhysCellId:0000008', 'EARFCN:1050', 'PWR:-70dbm\\r\\n#MONI:', 'RSRP:-95', 'RSRQ:-16', 'PhysCellId:000000C', 'EARFCN:1050', 'PWR:-70dbm\\r\\n#MONI:', 'RSRP:-91', 'RSRQ:-15', 'PhysCellId:000002A', 'EARFCN:5035', 'PWR:-61dbm\\r\\n#MONI:', 'RSRP:-90', 'RSRQ:-14', 'PhysCellId:000013D', 'EARFCN:5035', 'PWR:-66dbm\\r\\n#MONI:', 'RSRP:-92', 'RSRQ:-17', 'PhysCellId:00000E5', 'EARFCN:5035', 'PWR:-66dbm\\r\\n#MONI:', 'RSRP:-90', 'RSRQ:-13', 'PhysCellId:0000018', 'EARFCN:5035', 'PWR:-66dbm\\r\\n#MONI:', 'RSRP:-98', 'RSRQ:-13', 'PhysCellId:000013D', 'EARFCN:2300', 'PWR:-74dbm\\r\\n#MONI:', 'RSRP:-99', 'RSRQ:-15', 'PhysCellId:0000008', 'EARFCN:2300', 'PWR:-74dbm\\r\\n#MONI:', 'RSRP:-101', 'RSRQ:-16', 'PhysCellId:000000C', 'EARFCN:2300', 'PWR:-74dbm\\r\\n#MONI:', 'RSRP:-101', 'RSRQ:-17', 'PhysCellId:00001B5', 'EARFCN:2300', ""PWR:-75dbm\\r\\n\\r\\nOK\\r\\n'""]"
-59,-2,4.482288376589473,,,,,0,165.211719635,"[""b'\\r\\n#MONI:"", 'T-Mobile', 'RSRP:-92', 'RSRQ:-14', 'TAC:2C34', 'Id:149FB0D', 'EARFCN:1050', 'PWR:-58dbm', 'DRX:128\\r\\n#MONI:', 'RSRP:-92', 'RSRQ:-14', 'PhysCellId:000013D', 'EARFCN:1050', 'PWR:-58dbm\\r\\n#MONI:', 'RSRP:-93', 'RSRQ:-11', 'PhysCellId:0000008', 'EARFCN:1050', 'PWR:-72dbm\\r\\n#MONI:', 'RSRP:-99', 'RSRQ:-16', 'PhysCellId:000000C', 'EARFCN:1050', 'PWR:-72dbm\\r\\n#MONI:', 'RSRP:-91', 'RSRQ:-15', 'PhysCellId:000002A', 'EARFCN:5035', 'PWR:-61dbm\\r\\n#MONI:', 'RSRP:-90', 'RSRQ:-14', 'PhysCellId:000013D', 'EARFCN:5035', 'PWR:-66dbm\\r\\n#MONI:', 'RSRP:-92', 'RSRQ:-17', 'PhysCellId:00000E5', 'EARFCN:5035', 'PWR:-66dbm\\r\\n#MONI:', 'RSRP:-90', 'RSRQ:-13', 'PhysCellId:0000018', 'EARFCN:5035', 'PWR:-66dbm\\r\\n#MONI:', 'RSRP:-98', 'RSRQ:-13', 'PhysCellId:000013D', 'EARFCN:2300', 'PWR:-74dbm\\r\\n#MONI:', 'RSRP:-99', 'RSRQ:-15', 'PhysCellId:0000008', 'EARFCN:2300', 'PWR:-74dbm\\r\\n#MONI:', 'RSRP:-101', 'RSRQ:-16', 'PhysCellId:000000C', 'EARFCN:2300', 'PWR:-74dbm\\r\\n#MONI:', 'RSRP:-101', 'RSRQ:-17', 'PhysCellId:00001B5', 'EARFCN:2300', ""PWR:-75dbm\\r\\n\\r\\nOK\\r\\n'""]"
-59,-2,4.575295983139597,,,,,0,180.23526720200016,"[""b'\\r\\n#MONI:"", 'T-Mobile', 'RSRP:-92', 'RSRQ:-13', 'TAC:2C34', 'Id:149FB0D', 'EARFCN:1050', 'PWR:-59dbm', 'DRX:128\\r\\n#MONI:', 'RSRP:-92', 'RSRQ:-13', 'PhysCellId:000013D', 'EARFCN:1050', 'PWR:-59dbm\\r\\n#MONI:', 'RSRP:-92', 'RSRQ:-10', 'PhysCellId:0000008', 'EARFCN:1050', 'PWR:-73dbm\\r\\n#MONI:', 'RSRP:-91', 'RSRQ:-15', 'PhysCellId:000002A', 'EARFCN:5035', 'PWR:-61dbm\\r\\n#MONI:', 'RSRP:-90', 'RSRQ:-14', 'PhysCellId:000013D', 'EARFCN:5035', 'PWR:-66dbm\\r\\n#MONI:', 'RSRP:-92', 'RSRQ:-17', 'PhysCellId:00000E5', 'EARFCN:5035', 'PWR:-66dbm\\r\\n#MONI:', 'RSRP:-90', 'RSRQ:-13', 'PhysCellId:0000018', 'EARFCN:5035', 'PWR:-66dbm\\r\\n#MONI:', 'RSRP:-98', 'RSRQ:-13', 'PhysCellId:000013D', 'EARFCN:2300', 'PWR:-74dbm\\r\\n#MONI:', 'RSRP:-99', 'RSRQ:-15', 'PhysCellId:0000008', 'EARFCN:2300', 'PWR:-74dbm\\r\\n#MONI:', 'RSRP:-101', 'RSRQ:-16', 'PhysCellId:000000C', 'EARFCN:2300', 'PWR:-74dbm\\r\\n#MONI:', 'RSRP:-101', 'RSRQ:-17', 'PhysCellId:00001B5', 'EARFCN:2300', ""PWR:-75dbm\\r\\n\\r\\nOK\\r\\n'""]"
-59,-4,4.433458644845529,,,,,0,195.258797512,"[""b'\\r\\n#MONI:"", 'T-Mobile', 'RSRP:-94', 'RSRQ:-13', 'TAC:2C34', 'Id:149FB0D', 'EARFCN:1050', 'PWR:-59dbm', 'DRX:128\\r\\n#MONI:', 'RSRP:-94', 'RSRQ:-13', 'PhysCellId:000013D', 'EARFCN:1050', 'PWR:-59dbm\\r\\n#MONI:', 'RSRP:-93', 'RSRQ:-9', 'PhysCellId:0000008', 'EARFCN:1050', 'PWR:-74dbm\\r\\n#MONI:', 'RSRP:-91', 'RSRQ:-15', 'PhysCellId:000002A', 'EARFCN:5035', 'PWR:-61dbm\\r\\n#MONI:', 'RSRP:-90', 'RSRQ:-14', 'PhysCellId:000013D', 'EARFCN:5035', 'PWR:-66dbm\\r\\n#MONI:', 'RSRP:-92', 'RSRQ:-17', 'PhysCellId:00000E5', 'EARFCN:5035', 'PWR:-66dbm\\r\\n#MONI:', 'RSRP:-90', 'RSRQ:-13', 'PhysCellId:0000018', 'EARFCN:5035', 'PWR:-66dbm\\r\\n#MONI:', 'RSRP:-98', 'RSRQ:-13', 'PhysCellId:000013D', 'EARFCN:2300', 'PWR:-74dbm\\r\\n#MONI:', 'RSRP:-99', 'RSRQ:-15', 'PhysCellId:0000008', 'EARFCN:2300', 'PWR:-74dbm\\r\\n#MONI:', 'RSRP:-101', 'RSRQ:-16', 'PhysCellId:000000C', 'EARFCN:2300', 'PWR:-74dbm\\r\\n#MONI:', 'RSRP:-101', 'RSRQ:-17', 'PhysCellId:00001B5', 'EARFCN:2300', ""PWR:-75dbm\\r\\n\\r\\nOK\\r\\n'""]"
-59,-5,3.0595932917809696,,,,,0,210.28218100200002,"[""b'\\r\\n#MONI:"", 'T-Mobile', 'RSRP:-93', 'RSRQ:-16', 'TAC:2C34', 'Id:2B4BF13', 'EARFCN:1050', 'PWR:-56dbm', 'DRX:128\\r\\n#MONI:', 'RSRP:-93', 'RSRQ:-16', 'PhysCellId:0000008', 'EARFCN:1050', 'PWR:-56dbm\\r\\n#MONI:', 'RSRP:-88', 'RSRQ:-10', 'PhysCellId:000013D', 'EARFCN:1050', 'PWR:-68dbm\\r\\n#MONI:', 'RSRP:-91', 'RSRQ:-15', 'PhysCellId:000002A', 'EARFCN:5035', 'PWR:-61dbm\\r\\n#MONI:', 'RSRP:-90', 'RSRQ:-14', 'PhysCellId:000013D', 'EARFCN:5035', 'PWR:-66dbm\\r\\n#MONI:', 'RSRP:-92', 'RSRQ:-17', 'PhysCellId:00000E5', 'EARFCN:5035', 'PWR:-66dbm\\r\\n#MONI:', 'RSRP:-90', 'RSRQ:-13', 'PhysCellId:0000018', 'EARFCN:5035', 'PWR:-66dbm\\r\\n#MONI:', 'RSRP:-90', 'RSRQ:-14', 'PhysCellId:000013D', 'EARFCN:2300', 'PWR:-67dbm\\r\\n#MONI:', 'RSRP:-95', 'RSRQ:-17', 'PhysCellId:00001B5', 'EARFCN:2300', 'PWR:-67dbm\\r\\n#MONI:', 'RSRP:-98', 'RSRQ:-16', 'PhysCellId:000000C', 'EARFCN:2300', ""PWR:-67dbm\\r\\n\\r\\nOK\\r\\n'""]"
-57,3,3.492054473292827,,,,,0,225.30217020100008,"[""b'\\r\\n#MONI:"", 'T-Mobile', 'RSRP:-86', 'RSRQ:-11', 'TAC:2C34', 'Id:149FB0D', 'EARFCN:1050', 'PWR:-53dbm', 'DRX:128\\r\\n#MONI:', 'RSRP:-86', 'RSRQ:-11', 'PhysCellId:000013D', 'EARFCN:1050', 'PWR:-53dbm\\r\\n#MONI:', 'RSRP:-89', 'RSRQ:-13', 'PhysCellId:0000008', 'EARFCN:1050', 'PWR:-66dbm\\r\\n#MONI:', 'RSRP:-91', 'RSRQ:-15', 'PhysCellId:000002A', 'EARFCN:5035', 'PWR:-61dbm\\r\\n#MONI:', 'RSRP:-90', 'RSRQ:-14', 'PhysCellId:000013D', 'EARFCN:5035', 'PWR:-66dbm\\r\\n#MONI:', 'RSRP:-92', 'RSRQ:-17', 'PhysCellId:00000E5', 'EARFCN:5035', 'PWR:-66dbm\\r\\n#MONI:', 'RSRP:-90', 'RSRQ:-13', 'PhysCellId:0000018', 'EARFCN:5035', 'PWR:-66dbm\\r\\n#MONI:', 'RSRP:-90', 'RSRQ:-12', 'PhysCellId:000013D', 'EARFCN:2300', 'PWR:-68dbm\\r\\n#MONI:', 'RSRP:-90', 'RSRQ:-12', 'PhysCellId:00001B5', 'EARFCN:2300', 'PWR:-69dbm\\r\\n#MONI:', 'RSRP:-99', 'RSRQ:-18', 'PhysCellId:000000C', 'EARFCN:2300', ""PWR:-68dbm\\r\\n\\r\\nOK\\r\\n'""]"
-57,-5,3.779644730092272,,,,,0,240.3181118550001,"[""b'\\r\\n#MONI:"", 'T-Mobile', 'RSRP:-95', 'RSRQ:-15', 'TAC:2C34', 'Id:2B4BF13', 'EARFCN:1050', 'PWR:-60dbm', 'DRX:128\\r\\n#MONI:', 'RSRP:-95', 'RSRQ:-15', 'PhysCellId:0000008', 'EARFCN:1050', 'PWR:-60dbm\\r\\n#MONI:', 'RSRP:-97', 'RSRQ:-13', 'PhysCellId:000013D', 'EARFCN:1050', 'PWR:-74dbm\\r\\n#MONI:', 'RSRP:-91', 'RSRQ:-15', 'PhysCellId:000002A', 'EARFCN:5035', 'PWR:-61dbm\\r\\n#MONI:', 'RSRP:-90', 'RSRQ:-14', 'PhysCellId:000013D', 'EARFCN:5035', 'PWR:-66dbm\\r\\n#MONI:', 'RSRP:-92', 'RSRQ:-17', 'PhysCellId:00000E5', 'EARFCN:5035', 'PWR:-66dbm\\r\\n#MONI:', 'RSRP:-90', 'RSRQ:-13', 'PhysCellId:0000018', 'EARFCN:5035', 'PWR:-66dbm\\r\\n#MONI:', 'RSRP:-97', 'RSRQ:-13', 'PhysCellId:0000008', 'EARFCN:2300', 'PWR:-74dbm\\r\\n#MONI:', 'RSRP:-100', 'RSRQ:-16', 'PhysCellId:000013D', 'EARFCN:2300', ""PWR:-74dbm\\r\\n\\r\\nOK\\r\\n'""]"
-61,-5,3.9074105418879577,,,,,0,255.33941816300012,"[""b'\\r\\n#MONI:"", 'T-Mobile', 'RSRP:-95', 'RSRQ:-14', 'TAC:2C34', 'Id:2B4BF13', 'EARFCN:1050', 'PWR:-60dbm', 'DRX:128\\r\\n#MONI:', 'RSRP:-95', 'RSRQ:-14', 'PhysCellId:0000008', 'EARFCN:1050', 'PWR:-60dbm\\r\\n#MONI:', 'RSRP:-98', 'RSRQ:-13', 'PhysCellId:000013D', 'EARFCN:1050', 'PWR:-73dbm\\r\\n#MONI:', 'RSRP:-91', 'RSRQ:-15', 'PhysCellId:000002A', 'EARFCN:5035', 'PWR:-61dbm\\r\\n#MONI:', 'RSRP:-90', 'RSRQ:-14', 'PhysCellId:000013D', 'EARFCN:5035', 'PWR:-66dbm\\r\\n#MONI:', 'RSRP:-92', 'RSRQ:-17', 'PhysCellId:00000E5', 'EARFCN:5035', 'PWR:-66dbm\\r\\n#MONI:', 'RSRP:-90', 'RSRQ:-13', 'PhysCellId:0000018', 'EARFCN:5035', 'PWR:-66dbm\\r\\n#MONI:', 'RSRP:-97', 'RSRQ:-13', 'PhysCellId:0000008', 'EARFCN:2300', 'PWR:-74dbm\\r\\n#MONI:', 'RSRP:-100', 'RSRQ:-16', 'PhysCellId:000013D', 'EARFCN:2300', ""PWR:-74dbm\\r\\n\\r\\nOK\\r\\n'""]"
-61,-5,3.779644730092272,,,,,0,270.35758012099996,"[""b'\\r\\n#MONI:"", 'T-Mobile', 'RSRP:-95', 'RSRQ:-14', 'TAC:2C34', 'Id:2B4BF13', 'EARFCN:1050', 'PWR:-60dbm', 'DRX:128\\r\\n#MONI:', 'RSRP:-95', 'RSRQ:-14', 'PhysCellId:0000008', 'EARFCN:1050', 'PWR:-60dbm\\r\\n#MONI:', 'RSRP:-97', 'RSRQ:-12', 'PhysCellId:000013D', 'EARFCN:1050', 'PWR:-75dbm\\r\\n#MONI:', 'RSRP:-91', 'RSRQ:-15', 'PhysCellId:000002A', 'EARFCN:5035', 'PWR:-61dbm\\r\\n#MONI:', 'RSRP:-90', 'RSRQ:-14', 'PhysCellId:000013D', 'EARFCN:5035', 'PWR:-66dbm\\r\\n#MONI:', 'RSRP:-92', 'RSRQ:-17', 'PhysCellId:00000E5', 'EARFCN:5035', 'PWR:-66dbm\\r\\n#MONI:', 'RSRP:-90', 'RSRQ:-13', 'PhysCellId:0000018', 'EARFCN:5035', 'PWR:-66dbm\\r\\n#MONI:', 'RSRP:-97', 'RSRQ:-13', 'PhysCellId:0000008', 'EARFCN:2300', 'PWR:-74dbm\\r\\n#MONI:', 'RSRP:-100', 'RSRQ:-16', 'PhysCellId:000013D', 'EARFCN:2300', ""PWR:-74dbm\\r\\n\\r\\nOK\\r\\n'""]"
-61,-5,3.779644730092272,,,,,0,285.3752480940002,"[""b'\\r\\n#MONI:"", 'T-Mobile', 'RSRP:-95', 'RSRQ:-14', 'TAC:2C34', 'Id:2B4BF13', 'EARFCN:1050', 'PWR:-60dbm', 'DRX:128\\r\\n#MONI:', 'RSRP:-95', 'RSRQ:-14', 'PhysCellId:0000008', 'EARFCN:1050', 'PWR:-60dbm\\r\\n#MONI:', 'RSRP:-97', 'RSRQ:-13', 'PhysCellId:000013D', 'EARFCN:1050', 'PWR:-74dbm\\r\\n#MONI:', 'RSRP:-91', 'RSRQ:-15', 'PhysCellId:000002A', 'EARFCN:5035', 'PWR:-61dbm\\r\\n#MONI:', 'RSRP:-90', 'RSRQ:-14', 'PhysCellId:000013D', 'EARFCN:5035', 'PWR:-66dbm\\r\\n#MONI:', 'RSRP:-92', 'RSRQ:-17', 'PhysCellId:00000E5', 'EARFCN:5035', 'PWR:-66dbm\\r\\n#MONI:', 'RSRP:-90', 'RSRQ:-13', 'PhysCellId:0000018', 'EARFCN:5035', 'PWR:-66dbm\\r\\n#MONI:', 'RSRP:-97', 'RSRQ:-13', 'PhysCellId:0000008', 'EARFCN:2300', 'PWR:-74dbm\\r\\n#MONI:', 'RSRP:-100', 'RSRQ:-16', 'PhysCellId:000013D', 'EARFCN:2300', ""PWR:-74dbm\\r\\n\\r\\nOK\\r\\n'""]"
-61,-5,3.779644730092272,,,,,0,300.392728411,"[""b'\\r\\n#MONI:"", 'T-Mobile', 'RSRP:-95', 'RSRQ:-12', 'TAC:2C34', 'Id:2B4BF13', 'EARFCN:1050', 'PWR:-63dbm', 'DRX:128\\r\\n#MONI:', 'RSRP:-95', 'RSRQ:-12', 'PhysCellId:0000008', 'EARFCN:1050', 'PWR:-63dbm\\r\\n#MONI:', 'RSRP:-97', 'RSRQ:-15', 'PhysCellId:000013D', 'EARFCN:1050', 'PWR:-72dbm\\r\\n#MONI:', 'RSRP:-91', 'RSRQ:-15', 'PhysCellId:000002A', 'EARFCN:5035', 'PWR:-61dbm\\r\\n#MONI:', 'RSRP:-90', 'RSRQ:-14', 'PhysCellId:000013D', 'EARFCN:5035', 'PWR:-66dbm\\r\\n#MONI:', 'RSRP:-92', 'RSRQ:-17', 'PhysCellId:00000E5', 'EARFCN:5035', 'PWR:-66dbm\\r\\n#MONI:', 'RSRP:-90', 'RSRQ:-13', 'PhysCellId:0000018', 'EARFCN:5035', 'PWR:-66dbm\\r\\n#MONI:', 'RSRP:-97', 'RSRQ:-13', 'PhysCellId:0000008', 'EARFCN:2300', 'PWR:-74dbm\\r\\n#MONI:', 'RSRP:-100', 'RSRQ:-16', 'PhysCellId:000013D', 'EARFCN:2300', ""PWR:-74dbm\\r\\n\\r\\nOK\\r\\n'""]"
-61,-6,3.6815175442433286,,,,,0,315.41015907200017,"[""b'\\r\\n#MONI:"", 'T-Mobile', 'RSRP:-96', 'RSRQ:-15', 'TAC:2C34', 'Id:2B4BF13', 'EARFCN:1050', 'PWR:-60dbm', 'DRX:128\\r\\n#MONI:', 'RSRP:-96', 'RSRQ:-15', 'PhysCellId:0000008', 'EARFCN:1050', 'PWR:-60dbm\\r\\n#MONI:', 'RSRP:-95', 'RSRQ:-12', 'PhysCellId:000013D', 'EARFCN:1050', 'PWR:-73dbm\\r\\n#MONI:', 'RSRP:-91', 'RSRQ:-15', 'PhysCellId:000002A', 'EARFCN:5035', 'PWR:-61dbm\\r\\n#MONI:', 'RSRP:-90', 'RSRQ:-14', 'PhysCellId:000013D', 'EARFCN:5035', 'PWR:-66dbm\\r\\n#MONI:', 'RSRP:-92', 'RSRQ:-17', 'PhysCellId:00000E5', 'EARFCN:5035', 'PWR:-66dbm\\r\\n#MONI:', 'RSRP:-90', 'RSRQ:-13', 'PhysCellId:0000018', 'EARFCN:5035', 'PWR:-66dbm\\r\\n#MONI:', 'RSRP:-97', 'RSRQ:-13', 'PhysCellId:0000008', 'EARFCN:2300', 'PWR:-74dbm\\r\\n#MONI:', 'RSRP:-100', 'RSRQ:-16', 'PhysCellId:000013D', 'EARFCN:2300', ""PWR:-74dbm\\r\\n\\r\\nOK\\r\\n'""]"
-59,-8,3.3779748793788102,,,,,0,330.42751676499984,"[""b'\\r\\n#MONI:"", 'T-Mobile', 'RSRP:-98', 'RSRQ:-16', 'TAC:2C34', 'Id:149FB0D', 'EARFCN:1050', 'PWR:-62dbm', 'DRX:128\\r\\n#MONI:', 'RSRP:-98', 'RSRQ:-16', 'PhysCellId:000013D', 'EARFCN:1050', 'PWR:-62dbm\\r\\n#MONI:', 'RSRP:-94', 'RSRQ:-10', 'PhysCellId:0000008', 'EARFCN:1050', 'PWR:-74dbm\\r\\n#MONI:', 'RSRP:-91', 'RSRQ:-15', 'PhysCellId:000002A', 'EARFCN:5035', 'PWR:-61dbm\\r\\n#MONI:', 'RSRP:-90', 'RSRQ:-14', 'PhysCellId:000013D', 'EARFCN:5035', 'PWR:-66dbm\\r\\n#MONI:', 'RSRP:-92', 'RSRQ:-17', 'PhysCellId:00000E5', 'EARFCN:5035', 'PWR:-66dbm\\r\\n#MONI:', 'RSRP:-90', 'RSRQ:-13', 'PhysCellId:0000018', 'EARFCN:5035', 'PWR:-66dbm\\r\\n#MONI:', 'RSRP:-98', 'RSRQ:-16', 'PhysCellId:0000008', 'EARFCN:2300', 'PWR:-73dbm\\r\\n#MONI:', 'RSRP:-96', 'RSRQ:-14', 'PhysCellId:000013D', 'EARFCN:2300', ""PWR:-73dbm\\r\\n\\r\\nOK\\r\\n'""]"
-59,-1,3.313931631332013,,,,,0,345.445602794,"[""b'\\r\\n#MONI:"", 'T-Mobile', 'RSRP:-91', 'RSRQ:-11', 'TAC:2C34', 'Id:149FB0D', 'EARFCN:1050', 'PWR:-60dbm', 'DRX:128\\r\\n#MONI:', 'RSRP:-91', 'RSRQ:-11', 'PhysCellId:000013D', 'EARFCN:1050', 'PWR:-60dbm\\r\\n#MONI:', 'RSRP:-93', 'RSRQ:-11', 'PhysCellId:0000008', 'EARFCN:1050', 'PWR:-72dbm\\r\\n#MONI:', 'RSRP:-91', 'RSRQ:-15', 'PhysCellId:000002A', 'EARFCN:5035', 'PWR:-61dbm\\r\\n#MONI:', 'RSRP:-90', 'RSRQ:-14', 'PhysCellId:000013D', 'EARFCN:5035', 'PWR:-66dbm\\r\\n#MONI:', 'RSRP:-92', 'RSRQ:-17', 'PhysCellId:00000E5', 'EARFCN:5035', 'PWR:-66dbm\\r\\n#MONI:', 'RSRP:-90', 'RSRQ:-13', 'PhysCellId:0000018', 'EARFCN:5035', 'PWR:-66dbm\\r\\n#MONI:', 'RSRP:-98', 'RSRQ:-15', 'PhysCellId:000013D', 'EARFCN:2300', 'PWR:-74dbm\\r\\n#MONI:', 'RSRP:-98', 'RSRQ:-14', 'PhysCellId:0000008', 'EARFCN:2300', ""PWR:-74dbm\\r\\n\\r\\nOK\\r\\n'""]"
-59,-1,3.313931631332013,,,,,0,360.46395643100004,"[""b'\\r\\n#MONI:"", 'T-Mobile', 'RSRP:-91', 'RSRQ:-15', 'TAC:2C34', 'Id:149FB0D', 'EARFCN:1050', 'PWR:-55dbm', 'DRX:128\\r\\n#MONI:', 'RSRP:-91', 'RSRQ:-15', 'PhysCellId:000013D', 'EARFCN:1050', 'PWR:-55dbm\\r\\n#MONI:', 'RSRP:-93', 'RSRQ:-15', 'PhysCellId:0000008', 'EARFCN:1050', 'PWR:-69dbm\\r\\n#MONI:', 'RSRP:-91', 'RSRQ:-15', 'PhysCellId:000002A', 'EARFCN:5035', 'PWR:-61dbm\\r\\n#MONI:', 'RSRP:-90', 'RSRQ:-14', 'PhysCellId:000013D', 'EARFCN:5035', 'PWR:-66dbm\\r\\n#MONI:', 'RSRP:-92', 'RSRQ:-17', 'PhysCellId:00000E5', 'EARFCN:5035', 'PWR:-66dbm\\r\\n#MONI:', 'RSRP:-90', 'RSRQ:-13', 'PhysCellId:0000018', 'EARFCN:5035', 'PWR:-66dbm\\r\\n#MONI:', 'RSRP:-98', 'RSRQ:-15', 'PhysCellId:000013D', 'EARFCN:2300', 'PWR:-74dbm\\r\\n#MONI:', 'RSRP:-98', 'RSRQ:-14', 'PhysCellId:0000008', 'EARFCN:2300', ""PWR:-74dbm\\r\\n\\r\\nOK\\r\\n'""]"
-59,0,3.5050983275386565,,,,,0,375.4815574710001,"[""b'\\r\\n#MONI:"", 'T-Mobile', 'RSRP:-90', 'RSRQ:-10', 'TAC:2C34', 'Id:149FB0D', 'EARFCN:1050', 'PWR:-60dbm', 'DRX:128\\r\\n#MONI:', 'RSRP:-90', 'RSRQ:-10', 'PhysCellId:000013D', 'EARFCN:1050', 'PWR:-60dbm\\r\\n#MONI:', 'RSRP:-95', 'RSRQ:-13', 'PhysCellId:0000008', 'EARFCN:1050', 'PWR:-72dbm\\r\\n#MONI:', 'RSRP:-91', 'RSRQ:-15', 'PhysCellId:000002A', 'EARFCN:5035', 'PWR:-61dbm\\r\\n#MONI:', 'RSRP:-90', 'RSRQ:-14', 'PhysCellId:000013D', 'EARFCN:5035', 'PWR:-66dbm\\r\\n#MONI:', 'RSRP:-92', 'RSRQ:-17', 'PhysCellId:00000E5', 'EARFCN:5035', 'PWR:-66dbm\\r\\n#MONI:', 'RSRP:-90', 'RSRQ:-13', 'PhysCellId:0000018', 'EARFCN:5035', 'PWR:-66dbm\\r\\n#MONI:', 'RSRP:-98', 'RSRQ:-15', 'PhysCellId:000013D', 'EARFCN:2300', 'PWR:-74dbm\\r\\n#MONI:', 'RSRP:-98', 'RSRQ:-14', 'PhysCellId:0000008', 'EARFCN:2300', ""PWR:-74dbm\\r\\n\\r\\nOK\\r\\n'""]"
-59,-2,3.3273756282434617,,,,,0,390.4959023460001,"[""b'\\r\\n#MONI:"", 'T-Mobile', 'RSRP:-92', 'RSRQ:-12', 'TAC:2C34', 'Id:149FB0D', 'EARFCN:1050', 'PWR:-59dbm', 'DRX:128\\r\\n#MONI:', 'RSRP:-92', 'RSRQ:-12', 'PhysCellId:000013D', 'EARFCN:1050', 'PWR:-59dbm\\r\\n#MONI:', 'RSRP:-95', 'RSRQ:-13', 'PhysCellId:0000008', 'EARFCN:1050', 'PWR:-72dbm\\r\\n#MONI:', 'RSRP:-91', 'RSRQ:-15', 'PhysCellId:000002A', 'EARFCN:5035', 'PWR:-61dbm\\r\\n#MONI:', 'RSRP:-90', 'RSRQ:-14', 'PhysCellId:000013D', 'EARFCN:5035', 'PWR:-66dbm\\r\\n#MONI:', 'RSRP:-92', 'RSRQ:-17', 'PhysCellId:00000E5', 'EARFCN:5035', 'PWR:-66dbm\\r\\n#MONI:', 'RSRP:-90', 'RSRQ:-13', 'PhysCellId:0000018', 'EARFCN:5035', 'PWR:-66dbm\\r\\n#MONI:', 'RSRP:-98', 'RSRQ:-15', 'PhysCellId:000013D', 'EARFCN:2300', 'PWR:-74dbm\\r\\n#MONI:', 'RSRP:-98', 'RSRQ:-14', 'PhysCellId:0000008', 'EARFCN:2300', ""PWR:-74dbm\\r\\n\\r\\nOK\\r\\n'""]"
-55,-1,3.3380918415851206,,,,,0,405.51465317300017,"[""b'\\r\\n#MONI:"", 'T-Mobile', 'RSRP:-91', 'RSRQ:-13', 'TAC:2C34', 'Id:149FB0D', 'EARFCN:1050', 'PWR:-58dbm', 'DRX:128\\r\\n#MONI:', 'RSRP:-91', 'RSRQ:-13', 'PhysCellId:000013D', 'EARFCN:1050', 'PWR:-58dbm\\r\\n#MONI:', 'RSRP:-94', 'RSRQ:-13', 'PhysCellId:0000008', 'EARFCN:1050', 'PWR:-71dbm\\r\\n#MONI:', 'RSRP:-91', 'RSRQ:-15', 'PhysCellId:000002A', 'EARFCN:5035', 'PWR:-61dbm\\r\\n#MONI:', 'RSRP:-90', 'RSRQ:-14', 'PhysCellId:000013D', 'EARFCN:5035', 'PWR:-66dbm\\r\\n#MONI:', 'RSRP:-92', 'RSRQ:-17', 'PhysCellId:00000E5', 'EARFCN:5035', 'PWR:-66dbm\\r\\n#MONI:', 'RSRP:-90', 'RSRQ:-13', 'PhysCellId:0000018', 'EARFCN:5035', 'PWR:-66dbm\\r\\n#MONI:', 'RSRP:-98', 'RSRQ:-15', 'PhysCellId:000013D', 'EARFCN:2300', 'PWR:-74dbm\\r\\n#MONI:', 'RSRP:-98', 'RSRQ:-14', 'PhysCellId:0000008', 'EARFCN:2300', ""PWR:-74dbm\\r\\n\\r\\nOK\\r\\n'""]"
-59,-1,3.3208098075285455,,,,,0,420.5330512830001,"[""b'\\r\\n#MONI:"", 'T-Mobile', 'RSRP:-91', 'RSRQ:-14', 'TAC:2C34', 'Id:149FB0D', 'EARFCN:1050', 'PWR:-57dbm', 'DRX:128\\r\\n#MONI:', 'RSRP:-91', 'RSRQ:-14', 'PhysCellId:000013D', 'EARFCN:1050', 'PWR:-57dbm\\r\\n#MONI:', 'RSRP:-95', 'RSRQ:-17', 'PhysCellId:0000008', 'EARFCN:1050', 'PWR:-69dbm\\r\\n#MONI:', 'RSRP:-96', 'RSRQ:-18', 'PhysCellId:000000C', 'EARFCN:1050', 'PWR:-69dbm\\r\\n#MONI:', 'RSRP:-91', 'RSRQ:-15', 'PhysCellId:000002A', 'EARFCN:5035', 'PWR:-61dbm\\r\\n#MONI:', 'RSRP:-90', 'RSRQ:-14', 'PhysCellId:000013D', 'EARFCN:5035', 'PWR:-66dbm\\r\\n#MONI:', 'RSRP:-92', 'RSRQ:-17', 'PhysCellId:00000E5', 'EARFCN:5035', 'PWR:-66dbm\\r\\n#MONI:', 'RSRP:-90', 'RSRQ:-13', 'PhysCellId:0000018', 'EARFCN:5035', 'PWR:-66dbm\\r\\n#MONI:', 'RSRP:-98', 'RSRQ:-15', 'PhysCellId:000013D', 'EARFCN:2300', 'PWR:-74dbm\\r\\n#MONI:', 'RSRP:-98', 'RSRQ:-14', 'PhysCellId:0000008', 'EARFCN:2300', ""PWR:-74dbm\\r\\n\\r\\nOK\\r\\n'""]"
-61,-1,3.968626966596886,,,,,0,435.551062516,"[""b'\\r\\n#MONI:"", 'T-Mobile', 'RSRP:-91', 'RSRQ:-12', 'TAC:2C34', 'Id:149FB0D', 'EARFCN:1050', 'PWR:-59dbm', 'DRX:128\\r\\n#MONI:', 'RSRP:-91', 'RSRQ:-12', 'PhysCellId:000013D', 'EARFCN:1050', 'PWR:-59dbm\\r\\n#MONI:', 'RSRP:-96', 'RSRQ:-14', 'PhysCellId:0000008', 'EARFCN:1050', 'PWR:-72dbm\\r\\n#MONI:', 'RSRP:-100', 'RSRQ:-19', 'PhysCellId:000000C', 'EARFCN:1050', 'PWR:-72dbm\\r\\n#MONI:', 'RSRP:-91', 'RSRQ:-15', 'PhysCellId:000002A', 'EARFCN:5035', 'PWR:-61dbm\\r\\n#MONI:', 'RSRP:-90', 'RSRQ:-14', 'PhysCellId:000013D', 'EARFCN:5035', 'PWR:-66dbm\\r\\n#MONI:', 'RSRP:-92', 'RSRQ:-17', 'PhysCellId:00000E5', 'EARFCN:5035', 'PWR:-66dbm\\r\\n#MONI:', 'RSRP:-90', 'RSRQ:-13', 'PhysCellId:0000018', 'EARFCN:5035', 'PWR:-66dbm\\r\\n#MONI:', 'RSRP:-98', 'RSRQ:-15', 'PhysCellId:000013D', 'EARFCN:2300', 'PWR:-74dbm\\r\\n#MONI:', 'RSRP:-98', 'RSRQ:-14', 'PhysCellId:0000008', 'EARFCN:2300', ""PWR:-74dbm\\r\\n\\r\\nOK\\r\\n'""]"
-57,-1,3.399054490379851,,,,,0,450.5692117110002,"[""b'\\r\\n#MONI:"", 'T-Mobile', 'RSRP:-91', 'RSRQ:-12', 'TAC:2C34', 'Id:149FB0D', 'EARFCN:1050', 'PWR:-59dbm', 'DRX:128\\r\\n#MONI:', 'RSRP:-91', 'RSRQ:-12', 'PhysCellId:000013D', 'EARFCN:1050', 'PWR:-59dbm\\r\\n#MONI:', 'RSRP:-95', 'RSRQ:-14', 'PhysCellId:0000008', 'EARFCN:1050', 'PWR:-71dbm\\r\\n#MONI:', 'RSRP:-91', 'RSRQ:-15', 'PhysCellId:000002A', 'EARFCN:5035', 'PWR:-61dbm\\r\\n#MONI:', 'RSRP:-90', 'RSRQ:-14', 'PhysCellId:000013D', 'EARFCN:5035', 'PWR:-66dbm\\r\\n#MONI:', 'RSRP:-92', 'RSRQ:-17', 'PhysCellId:00000E5', 'EARFCN:5035', 'PWR:-66dbm\\r\\n#MONI:', 'RSRP:-90', 'RSRQ:-13', 'PhysCellId:0000018', 'EARFCN:5035', 'PWR:-66dbm\\r\\n#MONI:', 'RSRP:-98', 'RSRQ:-15', 'PhysCellId:000013D', 'EARFCN:2300', 'PWR:-74dbm\\r\\n#MONI:', 'RSRP:-98', 'RSRQ:-14', 'PhysCellId:0000008', 'EARFCN:2300', ""PWR:-74dbm\\r\\n\\r\\nOK\\r\\n'""]"
-57,-2,3.420004177106889,,,,,0,465.5827134790002,"[""b'\\r\\n#MONI:"", 'T-Mobile', 'RSRP:-92', 'RSRQ:-12', 'TAC:2C34', 'Id:149FB0D', 'EARFCN:1050', 'PWR:-59dbm', 'DRX:128\\r\\n#MONI:', 'RSRP:-92', 'RSRQ:-12', 'PhysCellId:000013D', 'EARFCN:1050', 'PWR:-59dbm\\r\\n#MONI:', 'RSRP:-96', 'RSRQ:-16', 'PhysCellId:0000008', 'EARFCN:1050', 'PWR:-71dbm\\r\\n#MONI:', 'RSRP:-91', 'RSRQ:-15', 'PhysCellId:000002A', 'EARFCN:5035', 'PWR:-61dbm\\r\\n#MONI:', 'RSRP:-90', 'RSRQ:-14', 'PhysCellId:000013D', 'EARFCN:5035', 'PWR:-66dbm\\r\\n#MONI:', 'RSRP:-92', 'RSRQ:-17', 'PhysCellId:00000E5', 'EARFCN:5035', 'PWR:-66dbm\\r\\n#MONI:', 'RSRP:-90', 'RSRQ:-13', 'PhysCellId:0000018', 'EARFCN:5035', 'PWR:-66dbm\\r\\n#MONI:', 'RSRP:-98', 'RSRQ:-15', 'PhysCellId:000013D', 'EARFCN:2300', 'PWR:-74dbm\\r\\n#MONI:', 'RSRP:-98', 'RSRQ:-14', 'PhysCellId:0000008', 'EARFCN:2300', ""PWR:-74dbm\\r\\n\\r\\nOK\\r\\n'""]"
-61,-4,3.3380918415851206,,,,,0,480.60057200500023,"[""b'\\r\\n#MONI:"", 'T-Mobile', 'RSRP:-94', 'RSRQ:-15', 'TAC:2C34', 'Id:149FB0D', 'EARFCN:1050', 'PWR:-59dbm', 'DRX:128\\r\\n#MONI:', 'RSRP:-94', 'RSRQ:-15', 'PhysCellId:000013D', 'EARFCN:1050', 'PWR:-59dbm\\r\\n#MONI:', 'RSRP:-95', 'RSRQ:-13', 'PhysCellId:0000008', 'EARFCN:1050', 'PWR:-72dbm\\r\\n#MONI:', 'RSRP:-91', 'RSRQ:-15', 'PhysCellId:000002A', 'EARFCN:5035', 'PWR:-61dbm\\r\\n#MONI:', 'RSRP:-90', 'RSRQ:-14', 'PhysCellId:000013D', 'EARFCN:5035', 'PWR:-66dbm\\r\\n#MONI:', 'RSRP:-92', 'RSRQ:-17', 'PhysCellId:00000E5', 'EARFCN:5035', 'PWR:-66dbm\\r\\n#MONI:', 'RSRP:-90', 'RSRQ:-13', 'PhysCellId:0000018', 'EARFCN:5035', 'PWR:-66dbm\\r\\n#MONI:', 'RSRP:-97', 'RSRQ:-16', 'PhysCellId:0000008', 'EARFCN:2300', 'PWR:-72dbm\\r\\n#MONI:', 'RSRP:-99', 'RSRQ:-16', 'PhysCellId:000013D', 'EARFCN:2300', ""PWR:-72dbm\\r\\n\\r\\nOK\\r\\n'""]"
-65,-14,8.981462390204987,,,,,0,495.6185447839998,"[""b'\\r\\n#MONI:"", 'T-Mobile', 'RSRP:-108', 'RSRQ:-18', 'TAC:2C34', 'Id:2AC220C', 'EARFCN:1050', 'PWR:-68dbm', 'DRX:128\\r\\n#MONI:', 'RSRP:-108', 'RSRQ:-18', 'PhysCellId:000013F', 'EARFCN:1050', 'PWR:-68dbm\\r\\n#MONI:', 'RSRP:-94', 'RSRQ:-15', 'PhysCellId:000013D', 'EARFCN:5035', 'PWR:-65dbm\\r\\n#MONI:', 'RSRP:-97', 'RSRQ:-16', 'PhysCellId:0000018', 'EARFCN:5035', 'PWR:-71dbm\\r\\n#MONI:', 'RSRP:-113', 'RSRQ:-20', 'PhysCellId:00000F0', 'EARFCN:2300', ""PWR:-83dbm\\r\\n\\r\\nOK\\r\\n'""]"
-63,0,2.8809720581775866,,,,,0,510.63665163899987,"[""b'\\r\\n#MONI:"", 'T-Mobile', 'RSRP:-94', 'RSRQ:-15', 'TAC:2C34', 'Id:149FB0D', 'EARFCN:1050', 'PWR:-59dbm', 'DRX:128\\r\\n#MONI:', 'RSRP:-94', 'RSRQ:-15', 'PhysCellId:000013D', 'EARFCN:1050', 'PWR:-59dbm\\r\\n#MONI:', 'RSRP:-97', 'RSRQ:-16', 'PhysCellId:000002A', 'EARFCN:1050', 'PWR:-71dbm\\r\\n#MONI:', 'RSRP:-94', 'RSRQ:-15', 'PhysCellId:000013D', 'EARFCN:5035', 'PWR:-65dbm\\r\\n#MONI:', 'RSRP:-97', 'RSRQ:-16', 'PhysCellId:0000018', 'EARFCN:5035', 'PWR:-71dbm\\r\\n#MONI:', 'RSRP:-101', 'RSRQ:-17', 'PhysCellId:00000F0', 'EARFCN:2300', 'PWR:-74dbm\\r\\n#MONI:', 'RSRP:0', 'RSRQ:0', 'PhysCellId:0000000', 'EARFCN:2300', 'PWR:0dbm\\r\\n#MONI:', 'RSRP:0', 'RSRQ:0', 'PhysCellId:0000000', 'EARFCN:2300', 'PWR:0dbm\\r\\n#MONI:', 'RSRP:0', 'RSRQ:0', 'PhysCellId:0000000', 'EARFCN:2300', ""PWR:0dbm\\r\\n\\r\\nOK\\r\\n'""]"
-57,0,5.125101625008686,,,,,0,525.6546990930001,"[""b'\\r\\n#MONI:"", 'T-Mobile', 'RSRP:-88', 'RSRQ:-13', 'TAC:2C34', 'Id:149FB0D', 'EARFCN:1050', 'PWR:-55dbm', 'DRX:128\\r\\n#MONI:', 'RSRP:-88', 'RSRQ:-13', 'PhysCellId:000013D', 'EARFCN:1050', 'PWR:-55dbm\\r\\n#MONI:', 'RSRP:-88', 'RSRQ:-15', 'PhysCellId:000002A', 'EARFCN:1050', 'PWR:-63dbm\\r\\n#MONI:', 'RSRP:-92', 'RSRQ:-17', 'PhysCellId:0000008', 'EARFCN:1050', 'PWR:-63dbm\\r\\n#MONI:', 'RSRP:-94', 'RSRQ:-15', 'PhysCellId:000013D', 'EARFCN:5035', 'PWR:-65dbm\\r\\n#MONI:', 'RSRP:-97', 'RSRQ:-16', 'PhysCellId:0000018', 'EARFCN:5035', 'PWR:-71dbm\\r\\n#MONI:', 'RSRP:-101', 'RSRQ:-17', 'PhysCellId:00000F0', 'EARFCN:2300', 'PWR:-74dbm\\r\\n#MONI:', 'RSRP:0', 'RSRQ:0', 'PhysCellId:0000000', 'EARFCN:2300', 'PWR:0dbm\\r\\n#MONI:', 'RSRP:0', 'RSRQ:0', 'PhysCellId:0000000', 'EARFCN:2300', 'PWR:0dbm\\r\\n#MONI:', 'RSRP:0', 'RSRQ:0', 'PhysCellId:0000000', 'EARFCN:2300', ""PWR:0dbm\\r\\n\\r\\nOK\\r\\n'""]"
-55,2,4.774934554525329,,,,,0,540.6727074270002,"[""b'\\r\\n#MONI:"", 'T-Mobile', 'RSRP:-89', 'RSRQ:-16', 'TAC:2C34', 'Id:149FB0D', 'EARFCN:1050', 'PWR:-52dbm', 'DRX:128\\r\\n#MONI:', 'RSRP:-89', 'RSRQ:-16', 'PhysCellId:000013D', 'EARFCN:1050', 'PWR:-52dbm\\r\\n#MONI:', 'RSRP:-91', 'RSRQ:-17', 'PhysCellId:0000008', 'EARFCN:1050', 'PWR:-64dbm\\r\\n#MONI:', 'RSRP:-94', 'RSRQ:-15', 'PhysCellId:000013D', 'EARFCN:5035', 'PWR:-65dbm\\r\\n#MONI:', 'RSRP:-97', 'RSRQ:-16', 'PhysCellId:0000018', 'EARFCN:5035', 'PWR:-71dbm\\r\\n#MONI:', 'RSRP:-101', 'RSRQ:-17', 'PhysCellId:00000F0', 'EARFCN:2300', 'PWR:-74dbm\\r\\n#MONI:', 'RSRP:0', 'RSRQ:0', 'PhysCellId:0000000', 'EARFCN:2300', 'PWR:0dbm\\r\\n#MONI:', 'RSRP:0', 'RSRQ:0', 'PhysCellId:0000000', 'EARFCN:2300', 'PWR:0dbm\\r\\n#MONI:', 'RSRP:0', 'RSRQ:0', 'PhysCellId:0000000', 'EARFCN:2300', ""PWR:0dbm\\r\\n\\r\\nOK\\r\\n'""]"
-51,1,4.969909455915671,,,,,0,555.6916477979998,"[""b'\\r\\n#MONI:"", 'T-Mobile', 'RSRP:-89', 'RSRQ:-13', 'TAC:2C34', 'Id:149FB0D', 'EARFCN:1050', 'PWR:-55dbm', 'DRX:128\\r\\n#MONI:', 'RSRP:-89', 'RSRQ:-13', 'PhysCellId:000013D', 'EARFCN:1050', 'PWR:-55dbm\\r\\n#MONI:', 'RSRP:-90', 'RSRQ:-14', 'PhysCellId:0000008', 'EARFCN:1050', 'PWR:-67dbm\\r\\n#MONI:', 'RSRP:-94', 'RSRQ:-15', 'PhysCellId:000013D', 'EARFCN:5035', 'PWR:-65dbm\\r\\n#MONI:', 'RSRP:-97', 'RSRQ:-16', 'PhysCellId:0000018', 'EARFCN:5035', 'PWR:-71dbm\\r\\n#MONI:', 'RSRP:-101', 'RSRQ:-17', 'PhysCellId:00000F0', 'EARFCN:2300', 'PWR:-74dbm\\r\\n#MONI:', 'RSRP:0', 'RSRQ:0', 'PhysCellId:0000000', 'EARFCN:2300', 'PWR:0dbm\\r\\n#MONI:', 'RSRP:0', 'RSRQ:0', 'PhysCellId:0000000', 'EARFCN:2300', 'PWR:0dbm\\r\\n#MONI:', 'RSRP:0', 'RSRQ:0', 'PhysCellId:0000000', 'EARFCN:2300', ""PWR:0dbm\\r\\n\\r\\nOK\\r\\n'""]"
-55,0,5.196152422706632,,,,,0,570.7149834010002,"[""b'\\r\\n#MONI:"", 'T-Mobile', 'RSRP:-89', 'RSRQ:-12', 'TAC:2C34', 'Id:149FB0D', 'EARFCN:1050', 'PWR:-55dbm', 'DRX:128\\r\\n#MONI:', 'RSRP:-89', 'RSRQ:-12', 'PhysCellId:000013D', 'EARFCN:1050', 'PWR:-55dbm\\r\\n#MONI:', 'RSRP:-89', 'RSRQ:-11', 'PhysCellId:0000008', 'EARFCN:1050', 'PWR:-67dbm\\r\\n#MONI:', 'RSRP:-94', 'RSRQ:-15', 'PhysCellId:000013D', 'EARFCN:5035', 'PWR:-65dbm\\r\\n#MONI:', 'RSRP:-97', 'RSRQ:-16', 'PhysCellId:0000018', 'EARFCN:5035', 'PWR:-71dbm\\r\\n#MONI:', 'RSRP:-101', 'RSRQ:-17', 'PhysCellId:00000F0', 'EARFCN:2300', 'PWR:-74dbm\\r\\n#MONI:', 'RSRP:0', 'RSRQ:0', 'PhysCellId:0000000', 'EARFCN:2300', 'PWR:0dbm\\r\\n#MONI:', 'RSRP:0', 'RSRQ:0', 'PhysCellId:0000000', 'EARFCN:2300', 'PWR:0dbm\\r\\n#MONI:', 'RSRP:0', 'RSRQ:0', 'PhysCellId:0000000', 'EARFCN:2300', ""PWR:0dbm\\r\\n\\r\\nOK\\r\\n'""]"
-55,2,4.774934554525329,,,,,0,585.7375267269999,"[""b'\\r\\n#MONI:"", 'T-Mobile', 'RSRP:-89', 'RSRQ:-14', 'TAC:2C34', 'Id:149FB0D', 'EARFCN:1050', 'PWR:-54dbm', 'DRX:128\\r\\n#MONI:', 'RSRP:-89', 'RSRQ:-14', 'PhysCellId:000013D', 'EARFCN:1050', 'PWR:-54dbm\\r\\n#MONI:', 'RSRP:-91', 'RSRQ:-15', 'PhysCellId:0000008', 'EARFCN:1050', 'PWR:-66dbm\\r\\n#MONI:', 'RSRP:-94', 'RSRQ:-15', 'PhysCellId:000013D', 'EARFCN:5035', 'PWR:-65dbm\\r\\n#MONI:', 'RSRP:-97', 'RSRQ:-16', 'PhysCellId:0000018', 'EARFCN:5035', 'PWR:-71dbm\\r\\n#MONI:', 'RSRP:-101', 'RSRQ:-17', 'PhysCellId:00000F0', 'EARFCN:2300', 'PWR:-74dbm\\r\\n#MONI:', 'RSRP:0', 'RSRQ:0', 'PhysCellId:0000000', 'EARFCN:2300', 'PWR:0dbm\\r\\n#MONI:', 'RSRP:0', 'RSRQ:0', 'PhysCellId:0000000', 'EARFCN:2300', 'PWR:0dbm\\r\\n#MONI:', 'RSRP:0', 'RSRQ:0', 'PhysCellId:0000000', 'EARFCN:2300', ""PWR:0dbm\\r\\n\\r\\nOK\\r\\n'""]"
-55,1,4.969909455915671,,,,,0,600.7562917220002,"[""b'\\r\\n#MONI:"", 'T-Mobile', 'RSRP:-89', 'RSRQ:-15', 'TAC:2C34', 'Id:149FB0D', 'EARFCN:1050', 'PWR:-53dbm', 'DRX:128\\r\\n#MONI:', 'RSRP:-89', 'RSRQ:-15', 'PhysCellId:000013D', 'EARFCN:1050', 'PWR:-53dbm\\r\\n#MONI:', 'RSRP:-90', 'RSRQ:-17', 'PhysCellId:0000008', 'EARFCN:1050', 'PWR:-63dbm\\r\\n#MONI:', 'RSRP:-94', 'RSRQ:-15', 'PhysCellId:000013D', 'EARFCN:5035', 'PWR:-65dbm\\r\\n#MONI:', 'RSRP:-97', 'RSRQ:-16', 'PhysCellId:0000018', 'EARFCN:5035', 'PWR:-71dbm\\r\\n#MONI:', 'RSRP:-101', 'RSRQ:-17', 'PhysCellId:00000F0', 'EARFCN:2300', 'PWR:-74dbm\\r\\n#MONI:', 'RSRP:0', 'RSRQ:0', 'PhysCellId:0000000', 'EARFCN:2300', 'PWR:0dbm\\r\\n#MONI:', 'RSRP:0', 'RSRQ:0', 'PhysCellId:0000000', 'EARFCN:2300', 'PWR:0dbm\\r\\n#MONI:', 'RSRP:0', 'RSRQ:0', 'PhysCellId:0000000', 'EARFCN:2300', ""PWR:0dbm\\r\\n\\r\\nOK\\r\\n'""]"
