"RSSI, Delt RSRP, Std Dev RSRP, Lat, Long, Altitude, Speed, Classification, Time Elasped, Moni Data"
-51,-8,6.283008075451637,,,,,0,15.01351691700006,"[""b'\\r\\n#MONI:"", 'T-Mobile', 'RSRP:-83', 'RSRQ:-9', 'TAC:2C34', 'Id:2B55E0D', 'EARFCN:1050', 'PWR:-54dbm', 'DRX:128\\r\\n#MONI:', 'RSRP:-83', 'RSRQ:-9', 'PhysCellId:00001CF', 'EARFCN:1050', 'PWR:-54dbm\\r\\n#MONI:', 'RSRP:-90', 'RSRQ:-14', 'PhysCellId:000002A', 'EARFCN:1050', 'PWR:-66dbm\\r\\n#MONI:', 'RSRP:-95', 'RSRQ:-19', 'PhysCellId:00001B5', 'EARFCN:1050', 'PWR:-66dbm\\r\\n#MONI:', 'RSRP:-75', 'RSRQ:-11', 'PhysCellId:00000F8', 'EARFCN:68661', 'PWR:-50dbm\\r\\n#MONI:', 'RSRP:0', 'RSRQ:0', 'PhysCellId:0000000', 'EARFCN:68661', 'PWR:0dbm\\r\\n#MONI:', 'RSRP:-89', 'RSRQ:-20', 'PhysCellId:00000F8', 'EARFCN:2300', 'PWR:-58dbm\\r\\n#MONI:', 'RSRP:-85', 'RSRQ:-18', 'PhysCellId:00001B5', 'EARFCN:2300', 'PWR:-58dbm\\r\\n#MONI:', 'RSRP:0', 'RSRQ:0', 'PhysCellId:0000000', 'EARFCN:2300', 'PWR:0dbm\\r\\n#MONI:', 'RSRP:-86', 'RSRQ:-16', 'PhysCellId:0000007', 'EARFCN:2300', ""PWR:-59dbm\\r\\n\\r\\nOK\\r\\n'""]"
-57,-19,7.367883976130073,,,,,0,30.023482166999884,"[""b'\\r\\n#MONI:"", 'T-Mobile', 'RSRP:-94', 'RSRQ:-15', 'TAC:2C34', 'Id:2B5510D', 'EARFCN:1050', 'PWR:-58dbm', 'DRX:128\\r\\n#MONI:', 'RSRP:-94', 'RSRQ:-15', 'PhysCellId:000002A', 'EARFCN:1050', 'PWR:-58dbm\\r\\n#MONI:', 'RSRP:-93', 'RSRQ:-12', 'PhysCellId:00001CF', 'EARFCN:1050', 'PWR:-71dbm\\r\\n#MONI:', 'RSRP:-95', 'RSRQ:-14', 'PhysCellId:0000007', 'EARFCN:1050', 'PWR:-71dbm\\r\\n#MONI:', 'RSRP:-95', 'RSRQ:-14', 'PhysCellId:00001B5', 'EARFCN:1050', 'PWR:-71dbm\\r\\n#MONI:', 'RSRP:-75', 'RSRQ:-11', 'PhysCellId:00000F8', 'EARFCN:68661', 'PWR:-50dbm\\r\\n#MONI:', 'RSRP:0', 'RSRQ:0', 'PhysCellId:0000000', 'EARFCN:68661', 'PWR:0dbm\\r\\n#MONI:', 'RSRP:0', 'RSRQ:0', 'PhysCellId:0000000', 'EARFCN:2300', 'PWR:0dbm\\r\\n#MONI:', 'RSRP:-96', 'RSRQ:-17', 'PhysCellId:0000007', 'EARFCN:2300', 'PWR:-69dbm\\r\\n#MONI:', 'RSRP:0', 'RSRQ:0', 'PhysCellId:0000000', 'EARFCN:2300', 'PWR:0dbm\\r\\n#MONI:', 'RSRP:-92', 'RSRQ:-13', 'PhysCellId:00001CF', 'EARFCN:2300', ""PWR:-69dbm\\r\\n\\r\\nOK\\r\\n'""]"
-59,-22,9.346716595206635,,,,,0,45.03966347300002,"[""b'\\r\\n#MONI:"", 'T-Mobile', 'RSRP:-97', 'RSRQ:-12', 'TAC:2C34', 'Id:2B5510D', 'EARFCN:1050', 'PWR:-64dbm', 'DRX:128\\r\\n#MONI:', 'RSRP:-97', 'RSRQ:-12', 'PhysCellId:000002A', 'EARFCN:1050', 'PWR:-64dbm\\r\\n#MONI:', 'RSRP:-104', 'RSRQ:-18', 'PhysCellId:0000007', 'EARFCN:1050', 'PWR:-77dbm\\r\\n#MONI:', 'RSRP:-104', 'RSRQ:-15', 'PhysCellId:00001CF', 'EARFCN:1050', 'PWR:-77dbm\\r\\n#MONI:', 'RSRP:-107', 'RSRQ:-18', 'PhysCellId:0000091', 'EARFCN:1050', 'PWR:-77dbm\\r\\n#MONI:', 'RSRP:-75', 'RSRQ:-11', 'PhysCellId:00000F8', 'EARFCN:68661', 'PWR:-50dbm\\r\\n#MONI:', 'RSRP:0', 'RSRQ:0', 'PhysCellId:0000000', 'EARFCN:68661', 'PWR:0dbm\\r\\n#MONI:', 'RSRP:-97', 'RSRQ:-14', 'PhysCellId:00001CF', 'EARFCN:2300', 'PWR:-72dbm\\r\\n#MONI:', 'RSRP:-95', 'RSRQ:-14', 'PhysCellId:0000007', 'EARFCN:2300', 'PWR:-72dbm\\r\\n#MONI:', 'RSRP:-99', 'RSRQ:-18', 'PhysCellId:0000159', 'EARFCN:2300', 'PWR:-72dbm\\r\\n#MONI:', 'RSRP:-94', 'RSRQ:-13', 'PhysCellId:000002A', 'EARFCN:2300', ""PWR:-72dbm\\r\\n\\r\\nOK\\r\\n'""]"
-69,-28,10.198039027185569,,,,,0,60.05348885300009,"[""b'\\r\\n#MONI:"", 'T-Mobile', 'RSRP:-103', 'RSRQ:-15', 'TAC:2C34', 'Id:2B5510D', 'EARFCN:1050', 'PWR:-68dbm', 'DRX:128\\r\\n#MONI:', 'RSRP:-103', 'RSRQ:-15', 'PhysCellId:000002A', 'EARFCN:1050', 'PWR:-68dbm\\r\\n#MONI:', 'RSRP:-104', 'RSRQ:-17', 'PhysCellId:0000091', 'EARFCN:1050', 'PWR:-77dbm\\r\\n#MONI:', 'RSRP:-103', 'RSRQ:-16', 'PhysCellId:0000007', 'EARFCN:1050', 'PWR:-77dbm\\r\\n#MONI:', 'RSRP:-103', 'RSRQ:-15', 'PhysCellId:00001CF', 'EARFCN:1050', 'PWR:-77dbm\\r\\n#MONI:', 'RSRP:-75', 'RSRQ:-11', 'PhysCellId:00000F8', 'EARFCN:68661', 'PWR:-50dbm\\r\\n#MONI:', 'RSRP:0', 'RSRQ:0', 'PhysCellId:0000000', 'EARFCN:68661', 'PWR:0dbm\\r\\n#MONI:', 'RSRP:-101', 'RSRQ:-11', 'PhysCellId:000002A', 'EARFCN:2300', 'PWR:-81dbm\\r\\n#MONI:', 'RSRP:-107', 'RSRQ:-17', 'PhysCellId:0000007', 'EARFCN:2300', 'PWR:-81dbm\\r\\n#MONI:', 'RSRP:-109', 'RSRQ:-16', 'PhysCellId:00001CF', 'EARFCN:2300', 'PWR:-81dbm\\r\\n#MONI:', 'RSRP:-107', 'RSRQ:-17', 'PhysCellId:0000159', 'EARFCN:2300', ""PWR:-81dbm\\r\\n\\r\\nOK\\r\\n'""]"
-65,-24,11.388433982397606,,,,,0,75.06974693699999,"[""b'\\r\\n#MONI:"", 'T-Mobile', 'RSRP:-99', 'RSRQ:-11', 'TAC:2C34', 'Id:2B5510D', 'EARFCN:1050', 'PWR:-67dbm', 'DRX:128\\r\\n#MONI:', 'RSRP:-99', 'RSRQ:-11', 'PhysCellId:000002A', 'EARFCN:1050', 'PWR:-67dbm\\r\\n#MONI:', 'RSRP:-102', 'RSRQ:-14', 'PhysCellId:0000091', 'EARFCN:1050', 'PWR:-76dbm\\r\\n#MONI:', 'RSRP:-101', 'RSRQ:-15', 'PhysCellId:0000095', 'EARFCN:1050', 'PWR:-76dbm\\r\\n#MONI:', 'RSRP:-75', 'RSRQ:-11', 'PhysCellId:00000F8', 'EARFCN:68661', 'PWR:-50dbm\\r\\n#MONI:', 'RSRP:0', 'RSRQ:0', 'PhysCellId:0000000', 'EARFCN:68661', 'PWR:0dbm\\r\\n#MONI:', 'RSRP:-109', 'RSRQ:-16', 'PhysCellId:00001CF', 'EARFCN:2300', 'PWR:-84dbm\\r\\n#MONI:', 'RSRP:-107', 'RSRQ:-13', 'PhysCellId:000002A', 'EARFCN:2300', 'PWR:-84dbm\\r\\n#MONI:', 'RSRP:-109', 'RSRQ:-15', 'PhysCellId:0000007', 'EARFCN:2300', 'PWR:-84dbm\\r\\n#MONI:', 'RSRP:-109', 'RSRQ:-15', 'PhysCellId:0000159', 'EARFCN:2300', ""PWR:-84dbm\\r\\n\\r\\nOK\\r\\n'""]"
-67,-24,11.40175425099138,,,,,0,90.08796057599989,"[""b'\\r\\n#MONI:"", 'T-Mobile', 'RSRP:-99', 'RSRQ:-17', 'TAC:2C34', 'Id:2B5510D', 'EARFCN:1050', 'PWR:-61dbm', 'DRX:128\\r\\n#MONI:', 'RSRP:-99', 'RSRQ:-17', 'PhysCellId:000002A', 'EARFCN:1050', 'PWR:-61dbm\\r\\n#MONI:', 'RSRP:-103', 'RSRQ:-17', 'PhysCellId:0000095', 'EARFCN:1050', 'PWR:-77dbm\\r\\n#MONI:', 'RSRP:-101', 'RSRQ:-14', 'PhysCellId:0000091', 'EARFCN:1050', 'PWR:-77dbm\\r\\n#MONI:', 'RSRP:-75', 'RSRQ:-11', 'PhysCellId:00000F8', 'EARFCN:68661', 'PWR:-50dbm\\r\\n#MONI:', 'RSRP:0', 'RSRQ:0', 'PhysCellId:0000000', 'EARFCN:68661', 'PWR:0dbm\\r\\n#MONI:', 'RSRP:-109', 'RSRQ:-16', 'PhysCellId:00001CF', 'EARFCN:2300', 'PWR:-84dbm\\r\\n#MONI:', 'RSRP:-107', 'RSRQ:-13', 'PhysCellId:000002A', 'EARFCN:2300', 'PWR:-84dbm\\r\\n#MONI:', 'RSRP:-109', 'RSRQ:-15', 'PhysCellId:0000007', 'EARFCN:2300', 'PWR:-84dbm\\r\\n#MONI:', 'RSRP:-109', 'RSRQ:-15', 'PhysCellId:0000159', 'EARFCN:2300', ""PWR:-84dbm\\r\\n\\r\\nOK\\r\\n'""]"
-61,-21,12.0381338531629,,,,,0,105.10322314099994,"[""b'\\r\\n#MONI:"", 'T-Mobile', 'RSRP:-96', 'RSRQ:-15', 'TAC:2C34', 'Id:2B5510D', 'EARFCN:1050', 'PWR:-61dbm', 'DRX:128\\r\\n#MONI:', 'RSRP:-96', 'RSRQ:-15', 'PhysCellId:000002A', 'EARFCN:1050', 'PWR:-61dbm\\r\\n#MONI:', 'RSRP:-103', 'RSRQ:-16', 'PhysCellId:0000091', 'EARFCN:1050', 'PWR:-77dbm\\r\\n#MONI:', 'RSRP:-75', 'RSRQ:-11', 'PhysCellId:00000F8', 'EARFCN:68661', 'PWR:-50dbm\\r\\n#MONI:', 'RSRP:0', 'RSRQ:0', 'PhysCellId:0000000', 'EARFCN:68661', 'PWR:0dbm\\r\\n#MONI:', 'RSRP:-95', 'RSRQ:-13', 'PhysCellId:000002A', 'EARFCN:2300', 'PWR:-73dbm\\r\\n#MONI:', 'RSRP:0', 'RSRQ:0', 'PhysCellId:0000000', 'EARFCN:2300', 'PWR:0dbm\\r\\n#MONI:', 'RSRP:0', 'RSRQ:0', 'PhysCellId:0000000', 'EARFCN:2300', ""PWR:0dbm\\r\\n\\r\\nOK\\r\\n'""]"
-63,-26,12.521980673998822,,,,,0,120.12097063200008,"[""b'\\r\\n#MONI:"", 'T-Mobile', 'RSRP:-101', 'RSRQ:-15', 'TAC:2C34', 'Id:2B5510D', 'EARFCN:1050', 'PWR:-65dbm', 'DRX:128\\r\\n#MONI:', 'RSRP:-101', 'RSRQ:-15', 'PhysCellId:000002A', 'EARFCN:1050', 'PWR:-65dbm\\r\\n#MONI:', 'RSRP:-105', 'RSRQ:-17', 'PhysCellId:0000091', 'EARFCN:1050', 'PWR:-78dbm\\r\\n#MONI:', 'RSRP:-75', 'RSRQ:-11', 'PhysCellId:00000F8', 'EARFCN:68661', 'PWR:-50dbm\\r\\n#MONI:', 'RSRP:0', 'RSRQ:0', 'PhysCellId:0000000', 'EARFCN:68661', 'PWR:0dbm\\r\\n#MONI:', 'RSRP:-97', 'RSRQ:-8', 'PhysCellId:000002A', 'EARFCN:2300', 'PWR:-80dbm\\r\\n#MONI:', 'RSRP:-107', 'RSRQ:-17', 'PhysCellId:00001B5', 'EARFCN:2300', 'PWR:-80dbm\\r\\n#MONI:', 'RSRP:-109', 'RSRQ:-19', 'PhysCellId:000015D', 'EARFCN:2300', ""PWR:-80dbm\\r\\n\\r\\nOK\\r\\n'""]"
-59,-21,12.335585379975555,,,,,0,135.139221938,"[""b'\\r\\n#MONI:"", 'T-Mobile', 'RSRP:-96', 'RSRQ:-12', 'TAC:2C34', 'Id:2B5510D', 'EARFCN:1050', 'PWR:-64dbm', 'DRX:128\\r\\n#MONI:', 'RSRP:-96', 'RSRQ:-12', 'PhysCellId:000002A', 'EARFCN:1050', 'PWR:-64dbm\\r\\n#MONI:', 'RSRP:-103', 'RSRQ:-16', 'PhysCellId:0000091', 'EARFCN:1050', 'PWR:-77dbm\\r\\n#MONI:', 'RSRP:-75', 'RSRQ:-11', 'PhysCellId:00000F8', 'EARFCN:68661', 'PWR:-50dbm\\r\\n#MONI:', 'RSRP:0', 'RSRQ:0', 'PhysCellId:0000000', 'EARFCN:68661', 'PWR:0dbm\\r\\n#MONI:', 'RSRP:-97', 'RSRQ:-8', 'PhysCellId:000002A', 'EARFCN:2300', 'PWR:-80dbm\\r\\n#MONI:', 'RSRP:-107', 'RSRQ:-17', 'PhysCellId:00001B5', 'EARFCN:2300', 'PWR:-80dbm\\r\\n#MONI:', 'RSRP:-109', 'RSRQ:-19', 'PhysCellId:000015D', 'EARFCN:2300', ""PWR:-80dbm\\r\\n\\r\\nOK\\r\\n'""]"
-67,-18,12.19426094521517,,,,,0,150.14941746599993,"[""b'\\r\\n#MONI:"", 'T-Mobile', 'RSRP:-93', 'RSRQ:-12', 'TAC:2C34', 'Id:2B5510D', 'EARFCN:1050', 'PWR:-61dbm', 'DRX:128\\r\\n#MONI:', 'RSRP:-93', 'RSRQ:-12', 'PhysCellId:000002A', 'EARFCN:1050', 'PWR:-61dbm\\r\\n#MONI:', 'RSRP:-98', 'RSRQ:-16', 'PhysCellId:0000091', 'EARFCN:1050', 'PWR:-73dbm\\r\\n#MONI:', 'RSRP:-75', 'RSRQ:-11', 'PhysCellId:00000F8', 'EARFCN:68661', 'PWR:-50dbm\\r\\n#MONI:', 'RSRP:0', 'RSRQ:0', 'PhysCellId:0000000', 'EARFCN:68661', 'PWR:0dbm\\r\\n#MONI:', 'RSRP:-97', 'RSRQ:-8', 'PhysCellId:000002A', 'EARFCN:2300', 'PWR:-80dbm\\r\\n#MONI:', 'RSRP:-107', 'RSRQ:-17', 'PhysCellId:00001B5', 'EARFCN:2300', 'PWR:-80dbm\\r\\n#MONI:', 'RSRP:-109', 'RSRQ:-19', 'PhysCellId:000015D', 'EARFCN:2300', ""PWR:-80dbm\\r\\n\\r\\nOK\\r\\n'""]"
-65,-23,10.708252269472673,,,,,0,165.1632041790001,"[""b'\\r\\n#MONI:"", 'T-Mobile', 'RSRP:-98', 'RSRQ:-16', 'TAC:2C34', 'Id:2B5510D', 'EARFCN:1050', 'PWR:-61dbm', 'DRX:128\\r\\n#MONI:', 'RSRP:-98', 'RSRQ:-16', 'PhysCellId:000002A', 'EARFCN:1050', 'PWR:-61dbm\\r\\n#MONI:', 'RSRP:-98', 'RSRQ:-15', 'PhysCellId:0000091', 'EARFCN:1050', 'PWR:-73dbm\\r\\n#MONI:', 'RSRP:-75', 'RSRQ:-11', 'PhysCellId:00000F8', 'EARFCN:68661', 'PWR:-50dbm\\r\\n#MONI:', 'RSRP:0', 'RSRQ:0', 'PhysCellId:0000000', 'EARFCN:68661', 'PWR:0dbm\\r\\n#MONI:', 'RSRP:-102', 'RSRQ:-14', 'PhysCellId:000002A', 'EARFCN:2300', 'PWR:-78dbm\\r\\n#MONI:', 'RSRP:-101', 'RSRQ:-14', 'PhysCellId:00001B5', 'EARFCN:2300', 'PWR:-78dbm\\r\\n#MONI:', 'RSRP:-104', 'RSRQ:-16', 'PhysCellId:000015D', 'EARFCN:2300', ""PWR:-78dbm\\r\\n\\r\\nOK\\r\\n'""]"
-59,-16,10.782702196883056,,,,,0,180.18091129999993,"[""b'\\r\\n#MONI:"", 'T-Mobile', 'RSRP:-91', 'RSRQ:-14', 'TAC:2C34', 'Id:2B5510D', 'EARFCN:1050', 'PWR:-56dbm', 'DRX:128\\r\\n#MONI:', 'RSRP:-91', 'RSRQ:-14', 'PhysCellId:000002A', 'EARFCN:1050', 'PWR:-56dbm\\r\\n#MONI:', 'RSRP:-95', 'RSRQ:-17', 'PhysCellId:0000091', 'EARFCN:1050', 'PWR:-69dbm\\r\\n#MONI:', 'RSRP:-75', 'RSRQ:-11', 'PhysCellId:00000F8', 'EARFCN:68661', 'PWR:-50dbm\\r\\n#MONI:', 'RSRP:0', 'RSRQ:0', 'PhysCellId:0000000', 'EARFCN:68661', 'PWR:0dbm\\r\\n#MONI:', 'RSRP:-102', 'RSRQ:-14', 'PhysCellId:000002A', 'EARFCN:2300', 'PWR:-78dbm\\r\\n#MONI:', 'RSRP:-101', 'RSRQ:-14', 'PhysCellId:00001B5', 'EARFCN:2300', 'PWR:-78dbm\\r\\n#MONI:', 'RSRP:-104', 'RSRQ:-16', 'PhysCellId:000015D', 'EARFCN:2300', ""PWR:-78dbm\\r\\n\\r\\nOK\\r\\n'""]"
-57,-20,10.875047892614848,,,,,0,195.199083513,"[""b'\\r\\n#MONI:"", 'T-Mobile', 'RSRP:-95', 'RSRQ:-14', 'TAC:2C34', 'Id:2B5510D', 'EARFCN:1050', 'PWR:-60dbm', 'DRX:128\\r\\n#MONI:', 'RSRP:-95', 'RSRQ:-14', 'PhysCellId:000002A', 'EARFCN:1050', 'PWR:-60dbm\\r\\n#MONI:', 'RSRP:-101', 'RSRQ:-16', 'PhysCellId:0000091', 'EARFCN:1050', 'PWR:-74dbm\\r\\n#MONI:', 'RSRP:-75', 'RSRQ:-11', 'PhysCellId:00000F8', 'EARFCN:68661', 'PWR:-50dbm\\r\\n#MONI:', 'RSRP:0', 'RSRQ:0', 'PhysCellId:0000000', 'EARFCN:68661', 'PWR:0dbm\\r\\n#MONI:', 'RSRP:-102', 'RSRQ:-14', 'PhysCellId:000002A', 'EARFCN:2300', 'PWR:-78dbm\\r\\n#MONI:', 'RSRP:-101', 'RSRQ:-14', 'PhysCellId:00001B5', 'EARFCN:2300', 'PWR:-78dbm\\r\\n#MONI:', 'RSRP:-104', 'RSRQ:-16', 'PhysCellId:000015D', 'EARFCN:2300', ""PWR:-78dbm\\r\\n\\r\\nOK\\r\\n'""]"
-63,-19,10.06171432898466,,,,,0,210.21445215199992,"[""b'\\r\\n#MONI:"", 'T-Mobile', 'RSRP:-94', 'RSRQ:-14', 'TAC:2C34', 'Id:2B5510D', 'EARFCN:1050', 'PWR:-60dbm', 'DRX:128\\r\\n#MONI:', 'RSRP:-94', 'RSRQ:-14', 'PhysCellId:000002A', 'EARFCN:1050', 'PWR:-60dbm\\r\\n#MONI:', 'RSRP:-100', 'RSRQ:-15', 'PhysCellId:0000091', 'EARFCN:1050', 'PWR:-76dbm\\r\\n#MONI:', 'RSRP:-101', 'RSRQ:-16', 'PhysCellId:00000B6', 'EARFCN:1050', 'PWR:-76dbm\\r\\n#MONI:', 'RSRP:-75', 'RSRQ:-11', 'PhysCellId:00000F8', 'EARFCN:68661', 'PWR:-50dbm\\r\\n#MONI:', 'RSRP:0', 'RSRQ:0', 'PhysCellId:0000000', 'EARFCN:68661', 'PWR:0dbm\\r\\n#MONI:', 'RSRP:-102', 'RSRQ:-14', 'PhysCellId:000002A', 'EARFCN:2300', 'PWR:-78dbm\\r\\n#MONI:', 'RSRP:-101', 'RSRQ:-14', 'PhysCellId:00001B5', 'EARFCN:2300', 'PWR:-78dbm\\r\\n#MONI:', 'RSRP:-104', 'RSRQ:-16', 'PhysCellId:000015D', 'EARFCN:2300', ""PWR:-78dbm\\r\\n\\r\\nOK\\r\\n'""]"
-61,-21,10.647378394077421,,,,,0,225.23733399499997,"[""b'\\r\\n#MONI:"", 'T-Mobile', 'RSRP:-96', 'RSRQ:-15', 'TAC:2C34', 'Id:2B5510D', 'EARFCN:1050', 'PWR:-61dbm', 'DRX:128\\r\\n#MONI:', 'RSRP:-96', 'RSRQ:-15', 'PhysCellId:000002A', 'EARFCN:1050', 'PWR:-61dbm\\r\\n#MONI:', 'RSRP:-97', 'RSRQ:-15', 'PhysCellId:00000B6', 'EARFCN:1050', 'PWR:-73dbm\\r\\n#MONI:', 'RSRP:-75', 'RSRQ:-11', 'PhysCellId:00000F8', 'EARFCN:68661', 'PWR:-50dbm\\r\\n#MONI:', 'RSRP:0', 'RSRQ:0', 'PhysCellId:0000000', 'EARFCN:68661', 'PWR:0dbm\\r\\n#MONI:', 'RSRP:-102', 'RSRQ:-14', 'PhysCellId:000002A', 'EARFCN:2300', 'PWR:-78dbm\\r\\n#MONI:', 'RSRP:-101', 'RSRQ:-14', 'PhysCellId:00001B5', 'EARFCN:2300', 'PWR:-78dbm\\r\\n#MONI:', 'RSRP:-104', 'RSRQ:-16', 'PhysCellId:000015D', 'EARFCN:2300', ""PWR:-78dbm\\r\\n\\r\\nOK\\r\\n'""]"
-61,-22,10.85664159243855,,,,,0,240.2534840599999,"[""b'\\r\\n#MONI:"", 'T-Mobile', 'RSRP:-97', 'RSRQ:-12', 'TAC:2C34', 'Id:2B5510D', 'EARFCN:1050', 'PWR:-64dbm', 'DRX:128\\r\\n#MONI:', 'RSRP:-97', 'RSRQ:-12', 'PhysCellId:000002A', 'EARFCN:1050', 'PWR:-64dbm\\r\\n#MONI:', 'RSRP:-101', 'RSRQ:-14', 'PhysCellId:00001B5', 'EARFCN:1050', 'PWR:-78dbm\\r\\n#MONI:', 'RSRP:-75', 'RSRQ:-11', 'PhysCellId:00000F8', 'EARFCN:68661', 'PWR:-50dbm\\r\\n#MONI:', 'RSRP:0', 'RSRQ:0', 'PhysCellId:0000000', 'EARFCN:68661', 'PWR:0dbm\\r\\n#MONI:', 'RSRP:-102', 'RSRQ:-14', 'PhysCellId:000002A', 'EARFCN:2300', 'PWR:-78dbm\\r\\n#MONI:', 'RSRP:-101', 'RSRQ:-14', 'PhysCellId:00001B5', 'EARFCN:2300', 'PWR:-78dbm\\r\\n#MONI:', 'RSRP:-104', 'RSRQ:-16', 'PhysCellId:000015D', 'EARFCN:2300', ""PWR:-78dbm\\r\\n\\r\\nOK\\r\\n'""]"
-59,-23,10.801234497346433,,,,,0,255.2630660509999,"[""b'\\r\\n#MONI:"", 'T-Mobile', 'RSRP:-98', 'RSRQ:-13', 'TAC:2C34', 'Id:2B5510D', 'EARFCN:1050', 'PWR:-64dbm', 'DRX:128\\r\\n#MONI:', 'RSRP:-98', 'RSRQ:-13', 'PhysCellId:000002A', 'EARFCN:1050', 'PWR:-64dbm\\r\\n#MONI:', 'RSRP:-100', 'RSRQ:-14', 'PhysCellId:00001B5', 'EARFCN:1050', 'PWR:-76dbm\\r\\n#MONI:', 'RSRP:-75', 'RSRQ:-11', 'PhysCellId:00000F8', 'EARFCN:68661', 'PWR:-50dbm\\r\\n#MONI:', 'RSRP:0', 'RSRQ:0', 'PhysCellId:0000000', 'EARFCN:68661', 'PWR:0dbm\\r\\n#MONI:', 'RSRP:-102', 'RSRQ:-14', 'PhysCellId:000002A', 'EARFCN:2300', 'PWR:-78dbm\\r\\n#MONI:', 'RSRP:-101', 'RSRQ:-14', 'PhysCellId:00001B5', 'EARFCN:2300', 'PWR:-78dbm\\r\\n#MONI:', 'RSRP:-104', 'RSRQ:-16', 'PhysCellId:000015D', 'EARFCN:2300', ""PWR:-78dbm\\r\\n\\r\\nOK\\r\\n'""]"
-61,-17,10.759491933482114,,,,,0,270.2826871719999,"[""b'\\r\\n#MONI:"", 'T-Mobile', 'RSRP:-92', 'RSRQ:-12', 'TAC:2C34', 'Id:2B5510D', 'EARFCN:1050', 'PWR:-60dbm', 'DRX:128\\r\\n#MONI:', 'RSRP:-92', 'RSRQ:-12', 'PhysCellId:000002A', 'EARFCN:1050', 'PWR:-60dbm\\r\\n#MONI:', 'RSRP:-97', 'RSRQ:-17', 'PhysCellId:00000B6', 'EARFCN:1050', 'PWR:-71dbm\\r\\n#MONI:', 'RSRP:-75', 'RSRQ:-11', 'PhysCellId:00000F8', 'EARFCN:68661', 'PWR:-50dbm\\r\\n#MONI:', 'RSRP:0', 'RSRQ:0', 'PhysCellId:0000000', 'EARFCN:68661', 'PWR:0dbm\\r\\n#MONI:', 'RSRP:-102', 'RSRQ:-14', 'PhysCellId:000002A', 'EARFCN:2300', 'PWR:-78dbm\\r\\n#MONI:', 'RSRP:-101', 'RSRQ:-14', 'PhysCellId:00001B5', 'EARFCN:2300', 'PWR:-78dbm\\r\\n#MONI:', 'RSRP:-104', 'RSRQ:-16', 'PhysCellId:000015D', 'EARFCN:2300', ""PWR:-78dbm\\r\\n\\r\\nOK\\r\\n'""]"
-59,-17,10.833589740555375,,,,,0,285.30045664499994,"[""b'\\r\\n#MONI:"", 'T-Mobile', 'RSRP:-92', 'RSRQ:-16', 'TAC:2C34', 'Id:2B5510D', 'EARFCN:1050', 'PWR:-56dbm', 'DRX:128\\r\\n#MONI:', 'RSRP:-92', 'RSRQ:-16', 'PhysCellId:000002A', 'EARFCN:1050', 'PWR:-56dbm\\r\\n#MONI:', 'RSRP:-91', 'RSRQ:-14', 'PhysCellId:00000B6', 'EARFCN:1050', 'PWR:-68dbm\\r\\n#MONI:', 'RSRP:-75', 'RSRQ:-11', 'PhysCellId:00000F8', 'EARFCN:68661', 'PWR:-50dbm\\r\\n#MONI:', 'RSRP:0', 'RSRQ:0', 'PhysCellId:0000000', 'EARFCN:68661', 'PWR:0dbm\\r\\n#MONI:', 'RSRP:-102', 'RSRQ:-14', 'PhysCellId:000002A', 'EARFCN:2300', 'PWR:-78dbm\\r\\n#MONI:', 'RSRP:-101', 'RSRQ:-14', 'PhysCellId:00001B5', 'EARFCN:2300', 'PWR:-78dbm\\r\\n#MONI:', 'RSRP:-104', 'RSRQ:-16', 'PhysCellId:000015D', 'EARFCN:2300', ""PWR:-78dbm\\r\\n\\r\\nOK\\r\\n'""]"
-57,-14,7.829431652425353,,,,,0,300.318750765,"[""b'\\r\\n#MONI:"", 'T-Mobile', 'RSRP:-89', 'RSRQ:-15', 'TAC:2C34', 'Id:2B5510D', 'EARFCN:1050', 'PWR:-54dbm', 'DRX:128\\r\\n#MONI:', 'RSRP:-89', 'RSRQ:-15', 'PhysCellId:000002A', 'EARFCN:1050', 'PWR:-54dbm\\r\\n#MONI:', 'RSRP:-92', 'RSRQ:-16', 'PhysCellId:00001B5', 'EARFCN:1050', 'PWR:-65dbm\\r\\n#MONI:', 'RSRP:-93', 'RSRQ:-18', 'PhysCellId:00000B6', 'EARFCN:1050', 'PWR:-65dbm\\r\\n#MONI:', 'RSRP:-75', 'RSRQ:-11', 'PhysCellId:00000F8', 'EARFCN:68661', 'PWR:-50dbm\\r\\n#MONI:', 'RSRP:0', 'RSRQ:0', 'PhysCellId:0000000', 'EARFCN:68661', 'PWR:0dbm\\r\\n#MONI:', 'RSRP:0', 'RSRQ:0', 'PhysCellId:0000000', 'EARFCN:2300', 'PWR:0dbm\\r\\n#MONI:', 'RSRP:-94', 'RSRQ:-13', 'PhysCellId:000002A', 'EARFCN:2300', ""PWR:-71dbm\\r\\n\\r\\nOK\\r\\n'""]"
-59,-20,8.86942313043338,,,,,0,315.33703299700005,"[""b'\\r\\n#MONI:"", 'T-Mobile', 'RSRP:-95', 'RSRQ:-15', 'TAC:2C34', 'Id:2B5510D', 'EARFCN:1050', 'PWR:-59dbm', 'DRX:128\\r\\n#MONI:', 'RSRP:-95', 'RSRQ:-15', 'PhysCellId:000002A', 'EARFCN:1050', 'PWR:-59dbm\\r\\n#MONI:', 'RSRP:-95', 'RSRQ:-14', 'PhysCellId:00000B6', 'EARFCN:1050', 'PWR:-72dbm\\r\\n#MONI:', 'RSRP:-98', 'RSRQ:-16', 'PhysCellId:00001B5', 'EARFCN:1050', 'PWR:-72dbm\\r\\n#MONI:', 'RSRP:-75', 'RSRQ:-11', 'PhysCellId:00000F8', 'EARFCN:68661', 'PWR:-50dbm\\r\\n#MONI:', 'RSRP:0', 'RSRQ:0', 'PhysCellId:0000000', 'EARFCN:68661', 'PWR:0dbm\\r\\n#MONI:', 'RSRP:-94', 'RSRQ:-10', 'PhysCellId:000002A', 'EARFCN:2300', 'PWR:-74dbm\\r\\n#MONI:', 'RSRP:-99', 'RSRQ:-15', 'PhysCellId:0000009', 'EARFCN:2300', ""PWR:-74dbm\\r\\n\\r\\nOK\\r\\n'""]"
-63,-23,9.31875988070761,,,,,0,330.35347561799995,"[""b'\\r\\n#MONI:"", 'T-Mobile', 'RSRP:-98', 'RSRQ:-14', 'TAC:2C34', 'Id:149DF03', 'EARFCN:2300', 'PWR:-64dbm', 'DRX:128\\r\\n#MONI:', 'RSRP:-98', 'RSRQ:-14', 'PhysCellId:00000B6', 'EARFCN:2300', 'PWR:-64dbm\\r\\n#MONI:', 'RSRP:-103', 'RSRQ:-17', 'PhysCellId:000002A', 'EARFCN:2300', 'PWR:-64dbm\\r\\n#MONI:', 'RSRP:-100', 'RSRQ:-15', 'PhysCellId:0000159', 'EARFCN:2300', 'PWR:-75dbm\\r\\n#MONI:', 'RSRP:-75', 'RSRQ:-11', 'PhysCellId:00000F8', 'EARFCN:68661', 'PWR:-50dbm\\r\\n#MONI:', 'RSRP:0', 'RSRQ:0', 'PhysCellId:0000000', 'EARFCN:68661', 'PWR:0dbm\\r\\n#MONI:', 'RSRP:-99', 'RSRQ:-13', 'PhysCellId:00000B6', 'EARFCN:1050', 'PWR:-77dbm\\r\\n#MONI:', 'RSRP:-101', 'RSRQ:-15', 'PhysCellId:000002A', 'EARFCN:1050', 'PWR:-77dbm\\r\\n#MONI:', 'RSRP:-103', 'RSRQ:-17', 'PhysCellId:0000091', 'EARFCN:1050', 'PWR:-77dbm\\r\\n#MONI:', 'RSRP:-102', 'RSRQ:-14', 'PhysCellId:0000159', 'EARFCN:1050', ""PWR:-77dbm\\r\\n\\r\\nOK\\r\\n'""]"
-67,-24,9.303417190934276,,,,,0,345.3707942010001,"[""b'\\r\\n#MONI:"", 'T-Mobile', 'RSRP:-99', 'RSRQ:-12', 'TAC:2C34', 'Id:149DF03', 'EARFCN:2300', 'PWR:-64dbm', 'DRX:128\\r\\n#MONI:', 'RSRP:-99', 'RSRQ:-12', 'PhysCellId:00000B6', 'EARFCN:2300', 'PWR:-64dbm\\r\\n#MONI:', 'RSRP:-99', 'RSRQ:-14', 'PhysCellId:000002A', 'EARFCN:2300', 'PWR:-76dbm\\r\\n#MONI:', 'RSRP:-103', 'RSRQ:-17', 'PhysCellId:0000159', 'EARFCN:2300', 'PWR:-76dbm\\r\\n#MONI:', 'RSRP:-75', 'RSRQ:-11', 'PhysCellId:00000F8', 'EARFCN:68661', 'PWR:-50dbm\\r\\n#MONI:', 'RSRP:0', 'RSRQ:0', 'PhysCellId:0000000', 'EARFCN:68661', 'PWR:0dbm\\r\\n#MONI:', 'RSRP:-99', 'RSRQ:-13', 'PhysCellId:00000B6', 'EARFCN:1050', 'PWR:-77dbm\\r\\n#MONI:', 'RSRP:-101', 'RSRQ:-15', 'PhysCellId:000002A', 'EARFCN:1050', 'PWR:-77dbm\\r\\n#MONI:', 'RSRP:-103', 'RSRQ:-17', 'PhysCellId:0000091', 'EARFCN:1050', 'PWR:-77dbm\\r\\n#MONI:', 'RSRP:-102', 'RSRQ:-14', 'PhysCellId:0000159', 'EARFCN:1050', ""PWR:-77dbm\\r\\n\\r\\nOK\\r\\n'""]"
-61,-22,10.59087657687817,,,,,0,360.38908661799996,"[""b'\\r\\n#MONI:"", 'T-Mobile', 'RSRP:-97', 'RSRQ:-16', 'TAC:2C34', 'Id:149DF03', 'EARFCN:2300', 'PWR:-61dbm', 'DRX:128\\r\\n#MONI:', 'RSRP:-97', 'RSRQ:-16', 'PhysCellId:00000B6', 'EARFCN:2300', 'PWR:-61dbm\\r\\n#MONI:', 'RSRP:-75', 'RSRQ:-11', 'PhysCellId:00000F8', 'EARFCN:68661', 'PWR:-50dbm\\r\\n#MONI:', 'RSRP:0', 'RSRQ:0', 'PhysCellId:0000000', 'EARFCN:68661', 'PWR:0dbm\\r\\n#MONI:', 'RSRP:-99', 'RSRQ:-13', 'PhysCellId:00000B6', 'EARFCN:1050', 'PWR:-77dbm\\r\\n#MONI:', 'RSRP:-101', 'RSRQ:-15', 'PhysCellId:000002A', 'EARFCN:1050', 'PWR:-77dbm\\r\\n#MONI:', 'RSRP:-103', 'RSRQ:-17', 'PhysCellId:0000091', 'EARFCN:1050', 'PWR:-77dbm\\r\\n#MONI:', 'RSRP:-102', 'RSRQ:-14', 'PhysCellId:0000159', 'EARFCN:1050', ""PWR:-77dbm\\r\\n\\r\\nOK\\r\\n'""]"
-61,-21,9.690446940402795,,,,,0,375.4034860910001,"[""b'\\r\\n#MONI:"", 'T-Mobile', 'RSRP:-96', 'RSRQ:-15', 'TAC:2C34', 'Id:149DF03', 'EARFCN:2300', 'PWR:-59dbm', 'DRX:128\\r\\n#MONI:', 'RSRP:-96', 'RSRQ:-15', 'PhysCellId:00000B6', 'EARFCN:2300', 'PWR:-59dbm\\r\\n#MONI:', 'RSRP:-98', 'RSRQ:-15', 'PhysCellId:00001BB', 'EARFCN:2300', 'PWR:-74dbm\\r\\n#MONI:', 'RSRP:-75', 'RSRQ:-11', 'PhysCellId:00000F8', 'EARFCN:68661', 'PWR:-50dbm\\r\\n#MONI:', 'RSRP:0', 'RSRQ:0', 'PhysCellId:0000000', 'EARFCN:68661', 'PWR:0dbm\\r\\n#MONI:', 'RSRP:-99', 'RSRQ:-13', 'PhysCellId:00000B6', 'EARFCN:1050', 'PWR:-77dbm\\r\\n#MONI:', 'RSRP:-101', 'RSRQ:-15', 'PhysCellId:000002A', 'EARFCN:1050', 'PWR:-77dbm\\r\\n#MONI:', 'RSRP:-103', 'RSRQ:-17', 'PhysCellId:0000091', 'EARFCN:1050', 'PWR:-77dbm\\r\\n#MONI:', 'RSRP:-102', 'RSRQ:-14', 'PhysCellId:0000159', 'EARFCN:1050', ""PWR:-77dbm\\r\\n\\r\\nOK\\r\\n'""]"
-61,-17,9.148575220843329,,,,,0,390.4217303969999,"[""b'\\r\\n#MONI:"", 'T-Mobile', 'RSRP:-92', 'RSRQ:-11', 'TAC:2C34', 'Id:149DF03', 'EARFCN:2300', 'PWR:-61dbm', 'DRX:128\\r\\n#MONI:', 'RSRP:-92', 'RSRQ:-11', 'PhysCellId:00000B6', 'EARFCN:2300', 'PWR:-61dbm\\r\\n#MONI:', 'RSRP:-93', 'RSRQ:-16', 'PhysCellId:0000150', 'EARFCN:2300', 'PWR:-68dbm\\r\\n#MONI:', 'RSRP:-98', 'RSRQ:-20', 'PhysCellId:00001BB', 'EARFCN:2300', 'PWR:-68dbm\\r\\n#MONI:', 'RSRP:-75', 'RSRQ:-11', 'PhysCellId:00000F8', 'EARFCN:68661', 'PWR:-50dbm\\r\\n#MONI:', 'RSRP:0', 'RSRQ:0', 'PhysCellId:0000000', 'EARFCN:68661', 'PWR:0dbm\\r\\n#MONI:', 'RSRP:-99', 'RSRQ:-13', 'PhysCellId:00000B6', 'EARFCN:1050', 'PWR:-77dbm\\r\\n#MONI:', 'RSRP:-101', 'RSRQ:-15', 'PhysCellId:000002A', 'EARFCN:1050', 'PWR:-77dbm\\r\\n#MONI:', 'RSRP:-103', 'RSRQ:-17', 'PhysCellId:0000091', 'EARFCN:1050', 'PWR:-77dbm\\r\\n#MONI:', 'RSRP:-102', 'RSRQ:-14', 'PhysCellId:0000159', 'EARFCN:1050', ""PWR:-77dbm\\r\\n\\r\\nOK\\r\\n'""]"
-69,-27,11.422617496711972,,,,,0,405.43995592500005,"[""b'\\r\\n#MONI:"", 'T-Mobile', 'RSRP:-102', 'RSRQ:-11', 'TAC:2C34', 'Id:149DF03', 'EARFCN:2300', 'PWR:-70dbm', 'DRX:128\\r\\n#MONI:', 'RSRP:-102', 'RSRQ:-11', 'PhysCellId:00000B6', 'EARFCN:2300', 'PWR:-70dbm\\r\\n#MONI:', 'RSRP:-112', 'RSRQ:-20', 'PhysCellId:0000150', 'EARFCN:2300', 'PWR:-83dbm\\r\\n#MONI:', 'RSRP:-75', 'RSRQ:-11', 'PhysCellId:00000F8', 'EARFCN:68661', 'PWR:-50dbm\\r\\n#MONI:', 'RSRP:0', 'RSRQ:0', 'PhysCellId:0000000', 'EARFCN:68661', 'PWR:0dbm\\r\\n#MONI:', 'RSRP:-99', 'RSRQ:-13', 'PhysCellId:00000B6', 'EARFCN:1050', 'PWR:-77dbm\\r\\n#MONI:', 'RSRP:-101', 'RSRQ:-15', 'PhysCellId:000002A', 'EARFCN:1050', 'PWR:-77dbm\\r\\n#MONI:', 'RSRP:-103', 'RSRQ:-17', 'PhysCellId:0000091', 'EARFCN:1050', 'PWR:-77dbm\\r\\n#MONI:', 'RSRP:-102', 'RSRQ:-14', 'PhysCellId:0000159', 'EARFCN:1050', ""PWR:-77dbm\\r\\n\\r\\nOK\\r\\n'""]"
-69,-25,10.708252269472673,,,,,0,420.4533996939999,"[""b'\\r\\n#MONI:"", 'T-Mobile', 'RSRP:-100', 'RSRQ:-11', 'TAC:2C34', 'Id:149DF03', 'EARFCN:2300', 'PWR:-68dbm', 'DRX:128\\r\\n#MONI:', 'RSRP:-100', 'RSRQ:-11', 'PhysCellId:00000B6', 'EARFCN:2300', 'PWR:-68dbm\\r\\n#MONI:', 'RSRP:-75', 'RSRQ:-11', 'PhysCellId:00000F8', 'EARFCN:68661', 'PWR:-50dbm\\r\\n#MONI:', 'RSRP:0', 'RSRQ:0', 'PhysCellId:0000000', 'EARFCN:68661', 'PWR:0dbm\\r\\n#MONI:', 'RSRP:-99', 'RSRQ:-13', 'PhysCellId:00000B6', 'EARFCN:1050', 'PWR:-77dbm\\r\\n#MONI:', 'RSRP:-101', 'RSRQ:-15', 'PhysCellId:000002A', 'EARFCN:1050', 'PWR:-77dbm\\r\\n#MONI:', 'RSRP:-103', 'RSRQ:-17', 'PhysCellId:0000091', 'EARFCN:1050', 'PWR:-77dbm\\r\\n#MONI:', 'RSRP:-102', 'RSRQ:-14', 'PhysCellId:0000159', 'EARFCN:1050', ""PWR:-77dbm\\r\\n\\r\\nOK\\r\\n'""]"
-65,-19,10.614455552060438,,,,,0,435.471429037,"[""b'\\r\\n#MONI:"", 'T-Mobile', 'RSRP:-94', 'RSRQ:-12', 'TAC:2C34', 'Id:149DF03', 'EARFCN:2300', 'PWR:-61dbm', 'DRX:128\\r\\n#MONI:', 'RSRP:-94', 'RSRQ:-12', 'PhysCellId:00000B6', 'EARFCN:2300', 'PWR:-61dbm\\r\\n#MONI:', 'RSRP:-75', 'RSRQ:-11', 'PhysCellId:00000F8', 'EARFCN:68661', 'PWR:-50dbm\\r\\n#MONI:', 'RSRP:0', 'RSRQ:0', 'PhysCellId:0000000', 'EARFCN:68661', 'PWR:0dbm\\r\\n#MONI:', 'RSRP:-99', 'RSRQ:-13', 'PhysCellId:00000B6', 'EARFCN:1050', 'PWR:-77dbm\\r\\n#MONI:', 'RSRP:-101', 'RSRQ:-15', 'PhysCellId:000002A', 'EARFCN:1050', 'PWR:-77dbm\\r\\n#MONI:', 'RSRP:-103', 'RSRQ:-17', 'PhysCellId:0000091', 'EARFCN:1050', 'PWR:-77dbm\\r\\n#MONI:', 'RSRP:-102', 'RSRQ:-14', 'PhysCellId:0000159', 'EARFCN:1050', ""PWR:-77dbm\\r\\n\\r\\nOK\\r\\n'""]"
-63,-14,10.962055768270233,,,,,0,450.4898487129999,"[""b'\\r\\n#MONI:"", 'T-Mobile', 'RSRP:-89', 'RSRQ:-9', 'TAC:2C34', 'Id:149DF03', 'EARFCN:2300', 'PWR:-60dbm', 'DRX:128\\r\\n#MONI:', 'RSRP:-89', 'RSRQ:-9', 'PhysCellId:00000B6', 'EARFCN:2300', 'PWR:-60dbm\\r\\n#MONI:', 'RSRP:-75', 'RSRQ:-11', 'PhysCellId:00000F8', 'EARFCN:68661', 'PWR:-50dbm\\r\\n#MONI:', 'RSRP:0', 'RSRQ:0', 'PhysCellId:0000000', 'EARFCN:68661', 'PWR:0dbm\\r\\n#MONI:', 'RSRP:-99', 'RSRQ:-13', 'PhysCellId:00000B6', 'EARFCN:1050', 'PWR:-77dbm\\r\\n#MONI:', 'RSRP:-101', 'RSRQ:-15', 'PhysCellId:000002A', 'EARFCN:1050', 'PWR:-77dbm\\r\\n#MONI:', 'RSRP:-103', 'RSRQ:-17', 'PhysCellId:0000091', 'EARFCN:1050', 'PWR:-77dbm\\r\\n#MONI:', 'RSRP:-102', 'RSRQ:-14', 'PhysCellId:0000159', 'EARFCN:1050', ""PWR:-77dbm\\r\\n\\r\\nOK\\r\\n'""]"
-63,-18,9.814954576223638,,,,,0,465.5092755190001,"[""b'\\r\\n#MONI:"", 'T-Mobile', 'RSRP:-93', 'RSRQ:-13', 'TAC:2C34', 'Id:149DF03', 'EARFCN:2300', 'PWR:-59dbm', 'DRX:128\\r\\n#MONI:', 'RSRP:-93', 'RSRQ:-13', 'PhysCellId:00000B6', 'EARFCN:2300', 'PWR:-59dbm\\r\\n#MONI:', 'RSRP:-99', 'RSRQ:-17', 'PhysCellId:00000DF', 'EARFCN:2300', 'PWR:-70dbm\\r\\n#MONI:', 'RSRP:-75', 'RSRQ:-11', 'PhysCellId:00000F8', 'EARFCN:68661', 'PWR:-50dbm\\r\\n#MONI:', 'RSRP:0', 'RSRQ:0', 'PhysCellId:0000000', 'EARFCN:68661', 'PWR:0dbm\\r\\n#MONI:', 'RSRP:-99', 'RSRQ:-13', 'PhysCellId:00000B6', 'EARFCN:1050', 'PWR:-77dbm\\r\\n#MONI:', 'RSRP:-101', 'RSRQ:-15', 'PhysCellId:000002A', 'EARFCN:1050', 'PWR:-77dbm\\r\\n#MONI:', 'RSRP:-103', 'RSRQ:-17', 'PhysCellId:0000091', 'EARFCN:1050', 'PWR:-77dbm\\r\\n#MONI:', 'RSRP:-102', 'RSRQ:-14', 'PhysCellId:0000159', 'EARFCN:1050', ""PWR:-77dbm\\r\\n\\r\\nOK\\r\\n'""]"
-63,-19,11.10126547912873,,,,,0,480.528875491,"[""b'\\r\\n#MONI:"", 'T-Mobile', 'RSRP:-94', 'RSRQ:-10', 'TAC:2C34', 'Id:149DF03', 'EARFCN:2300', 'PWR:-64dbm', 'DRX:128\\r\\n#MONI:', 'RSRP:-94', 'RSRQ:-10', 'PhysCellId:00000B6', 'EARFCN:2300', 'PWR:-64dbm\\r\\n#MONI:', 'RSRP:-110', 'RSRQ:-20', 'PhysCellId:00000DF', 'EARFCN:2300', 'PWR:-75dbm\\r\\n#MONI:', 'RSRP:-75', 'RSRQ:-11', 'PhysCellId:00000F8', 'EARFCN:68661', 'PWR:-50dbm\\r\\n#MONI:', 'RSRP:0', 'RSRQ:0', 'PhysCellId:0000000', 'EARFCN:68661', 'PWR:0dbm\\r\\n#MONI:', 'RSRP:-99', 'RSRQ:-13', 'PhysCellId:00000B6', 'EARFCN:1050', 'PWR:-77dbm\\r\\n#MONI:', 'RSRP:-101', 'RSRQ:-15', 'PhysCellId:000002A', 'EARFCN:1050', 'PWR:-77dbm\\r\\n#MONI:', 'RSRP:-103', 'RSRQ:-17', 'PhysCellId:0000091', 'EARFCN:1050', 'PWR:-77dbm\\r\\n#MONI:', 'RSRP:-102', 'RSRQ:-14', 'PhysCellId:0000159', 'EARFCN:1050', ""PWR:-77dbm\\r\\n\\r\\nOK\\r\\n'""]"
-59,-21,9.44911182523068,,,,,0,495.54806153799996,"[""b'\\r\\n#MONI:"", 'T-Mobile', 'RSRP:-96', 'RSRQ:-13', 'TAC:2C34', 'Id:149DF03', 'EARFCN:2300', 'PWR:-63dbm', 'DRX:128\\r\\n#MONI:', 'RSRP:-96', 'RSRQ:-13', 'PhysCellId:00000B6', 'EARFCN:2300', 'PWR:-63dbm\\r\\n#MONI:', 'RSRP:-102', 'RSRQ:-16', 'PhysCellId:00001BB', 'EARFCN:2300', 'PWR:-76dbm\\r\\n#MONI:', 'RSRP:-75', 'RSRQ:-11', 'PhysCellId:00000F8', 'EARFCN:68661', 'PWR:-50dbm\\r\\n#MONI:', 'RSRP:0', 'RSRQ:0', 'PhysCellId:0000000', 'EARFCN:68661', 'PWR:0dbm\\r\\n#MONI:', 'RSRP:-95', 'RSRQ:-10', 'PhysCellId:00000B6', 'EARFCN:1050', 'PWR:-75dbm\\r\\n#MONI:', 'RSRP:-99', 'RSRQ:-14', 'PhysCellId:000002A', 'EARFCN:1050', 'PWR:-75dbm\\r\\n#MONI:', 'RSRP:-101', 'RSRQ:-16', 'PhysCellId:0000159', 'EARFCN:1050', 'PWR:-75dbm\\r\\n#MONI:', 'RSRP:-101', 'RSRQ:-16', 'PhysCellId:0000091', 'EARFCN:1050', ""PWR:-75dbm\\r\\n\\r\\nOK\\r\\n'""]"
-59,-19,8.526220063511648,,,,,0,510.56804912100006,"[""b'\\r\\n#MONI:"", 'T-Mobile', 'RSRP:-94', 'RSRQ:-12', 'TAC:2C34', 'Id:149DF03', 'EARFCN:2300', 'PWR:-61dbm', 'DRX:128\\r\\n#MONI:', 'RSRP:-94', 'RSRQ:-12', 'PhysCellId:00000B6', 'EARFCN:2300', 'PWR:-61dbm\\r\\n#MONI:', 'RSRP:-99', 'RSRQ:-16', 'PhysCellId:00001BB', 'EARFCN:2300', 'PWR:-72dbm\\r\\n#MONI:', 'RSRP:-97', 'RSRQ:-16', 'PhysCellId:0000159', 'EARFCN:2300', 'PWR:-72dbm\\r\\n#MONI:', 'RSRP:-75', 'RSRQ:-11', 'PhysCellId:00000F8', 'EARFCN:68661', 'PWR:-50dbm\\r\\n#MONI:', 'RSRP:0', 'RSRQ:0', 'PhysCellId:0000000', 'EARFCN:68661', 'PWR:0dbm\\r\\n#MONI:', 'RSRP:-95', 'RSRQ:-10', 'PhysCellId:00000B6', 'EARFCN:1050', 'PWR:-75dbm\\r\\n#MONI:', 'RSRP:-99', 'RSRQ:-14', 'PhysCellId:000002A', 'EARFCN:1050', 'PWR:-75dbm\\r\\n#MONI:', 'RSRP:-101', 'RSRQ:-16', 'PhysCellId:0000159', 'EARFCN:1050', 'PWR:-75dbm\\r\\n#MONI:', 'RSRP:-101', 'RSRQ:-16', 'PhysCellId:0000091', 'EARFCN:1050', ""PWR:-75dbm\\r\\n\\r\\nOK\\r\\n'""]"
-63,-17,9.198861213163704,,,,,0,525.5862387980001,"[""b'\\r\\n#MONI:"", 'T-Mobile', 'RSRP:-92', 'RSRQ:-11', 'TAC:2C34', 'Id:149DF03', 'EARFCN:2300', 'PWR:-60dbm', 'DRX:128\\r\\n#MONI:', 'RSRP:-92', 'RSRQ:-11', 'PhysCellId:00000B6', 'EARFCN:2300', 'PWR:-60dbm\\r\\n#MONI:', 'RSRP:-99', 'RSRQ:-16', 'PhysCellId:0000159', 'EARFCN:2300', 'PWR:-72dbm\\r\\n#MONI:', 'RSRP:-96', 'RSRQ:-15', 'PhysCellId:00001BB', 'EARFCN:2300', 'PWR:-72dbm\\r\\n#MONI:', 'RSRP:-75', 'RSRQ:-11', 'PhysCellId:00000F8', 'EARFCN:68661', 'PWR:-50dbm\\r\\n#MONI:', 'RSRP:0', 'RSRQ:0', 'PhysCellId:0000000', 'EARFCN:68661', 'PWR:0dbm\\r\\n#MONI:', 'RSRP:-99', 'RSRQ:-14', 'PhysCellId:00000B6', 'EARFCN:1050', 'PWR:-75dbm\\r\\n#MONI:', 'RSRP:-97', 'RSRQ:-12', 'PhysCellId:0000159', 'EARFCN:1050', 'PWR:-75dbm\\r\\n#MONI:', 'RSRP:-103', 'RSRQ:-19', 'PhysCellId:0000091', 'EARFCN:1050', ""PWR:-75dbm\\r\\n\\r\\nOK\\r\\n'""]"
-65,-19,9.84716541278081,,,,,0,540.604450474,"[""b'\\r\\n#MONI:"", 'T-Mobile', 'RSRP:-94', 'RSRQ:-14', 'TAC:2C34', 'Id:149DF03', 'EARFCN:2300', 'PWR:-58dbm', 'DRX:128\\r\\n#MONI:', 'RSRP:-94', 'RSRQ:-14', 'PhysCellId:00000B6', 'EARFCN:2300', 'PWR:-58dbm\\r\\n#MONI:', 'RSRP:-97', 'RSRQ:-18', 'PhysCellId:00001BB', 'EARFCN:2300', 'PWR:-70dbm\\r\\n#MONI:', 'RSRP:-75', 'RSRQ:-11', 'PhysCellId:00000F8', 'EARFCN:68661', 'PWR:-50dbm\\r\\n#MONI:', 'RSRP:0', 'RSRQ:0', 'PhysCellId:0000000', 'EARFCN:68661', 'PWR:0dbm\\r\\n#MONI:', 'RSRP:-99', 'RSRQ:-14', 'PhysCellId:00000B6', 'EARFCN:1050', 'PWR:-75dbm\\r\\n#MONI:', 'RSRP:-97', 'RSRQ:-12', 'PhysCellId:0000159', 'EARFCN:1050', 'PWR:-75dbm\\r\\n#MONI:', 'RSRP:-103', 'RSRQ:-19', 'PhysCellId:0000091', 'EARFCN:1050', ""PWR:-75dbm\\r\\n\\r\\nOK\\r\\n'""]"
-61,-20,9.91463564635635,,,,,0,555.6227663719999,"[""b'\\r\\n#MONI:"", 'T-Mobile', 'RSRP:-95', 'RSRQ:-14', 'TAC:2C34', 'Id:149DF03', 'EARFCN:2300', 'PWR:-60dbm', 'DRX:128\\r\\n#MONI:', 'RSRP:-95', 'RSRQ:-14', 'PhysCellId:00000B6', 'EARFCN:2300', 'PWR:-60dbm\\r\\n#MONI:', 'RSRP:-98', 'RSRQ:-16', 'PhysCellId:00000DF', 'EARFCN:2300', 'PWR:-71dbm\\r\\n#MONI:', 'RSRP:-75', 'RSRQ:-11', 'PhysCellId:00000F8', 'EARFCN:68661', 'PWR:-50dbm\\r\\n#MONI:', 'RSRP:0', 'RSRQ:0', 'PhysCellId:0000000', 'EARFCN:68661', 'PWR:0dbm\\r\\n#MONI:', 'RSRP:-99', 'RSRQ:-14', 'PhysCellId:00000B6', 'EARFCN:1050', 'PWR:-75dbm\\r\\n#MONI:', 'RSRP:-97', 'RSRQ:-12', 'PhysCellId:0000159', 'EARFCN:1050', 'PWR:-75dbm\\r\\n#MONI:', 'RSRP:-103', 'RSRQ:-19', 'PhysCellId:0000091', 'EARFCN:1050', ""PWR:-75dbm\\r\\n\\r\\nOK\\r\\n'""]"
-55,1,1.8257418583505538,,,,,0,570.6335282709999,"[""b'\\r\\n#MONI:"", 'T-Mobile', 'RSRP:-97', 'RSRQ:-13', 'TAC:2C34', 'Id:149E20B', 'EARFCN:1050', 'PWR:-62dbm', 'DRX:128\\r\\n#MONI:', 'RSRP:-97', 'RSRQ:-13', 'PhysCellId:0000009', 'EARFCN:1050', 'PWR:-62dbm\\r\\n#MONI:', 'RSRP:-101', 'RSRQ:-18', 'PhysCellId:0000091', 'EARFCN:1050', 'PWR:-74dbm\\r\\n#MONI:', 'RSRP:-98', 'RSRQ:-14', 'PhysCellId:000002A', 'EARFCN:1050', 'PWR:-74dbm\\r\\n#MONI:', 'RSRP:-100', 'RSRQ:-15', 'PhysCellId:00000B6', 'EARFCN:1050', ""PWR:-74dbm\\r\\n\\r\\nOK\\r\\n'""]"
-59,0,1.8929694486000912,,,,,0,585.6515807430001,"[""b'\\r\\n#MONI:"", 'T-Mobile', 'RSRP:-94', 'RSRQ:-15', 'TAC:2C34', 'Id:149E20B', 'EARFCN:1050', 'PWR:-59dbm', 'DRX:128\\r\\n#MONI:', 'RSRP:-94', 'RSRQ:-15', 'PhysCellId:0000009', 'EARFCN:1050', 'PWR:-59dbm\\r\\n#MONI:', 'RSRP:-98', 'RSRQ:-15', 'PhysCellId:000002A', 'EARFCN:1050', 'PWR:-69dbm\\r\\n#MONI:', 'RSRP:-95', 'RSRQ:-17', 'PhysCellId:0000091', 'EARFCN:1050', 'PWR:-69dbm\\r\\n#MONI:', 'RSRP:-94', 'RSRQ:-16', 'PhysCellId:00000B6', 'EARFCN:1050', ""PWR:-69dbm\\r\\n\\r\\nOK\\r\\n'""]"
-51,3,2.1213203435596424,,,,,0,600.6695757709999,"[""b'\\r\\n#MONI:"", 'T-Mobile', 'RSRP:-85', 'RSRQ:-11', 'TAC:2C34', 'Id:149E20B', 'EARFCN:1050', 'PWR:-53dbm', 'DRX:128\\r\\n#MONI:', 'RSRP:-85', 'RSRQ:-11', 'PhysCellId:0000009', 'EARFCN:1050', 'PWR:-53dbm\\r\\n#MONI:', 'RSRP:-88', 'RSRQ:-13', 'PhysCellId:000002A', 'EARFCN:1050', ""PWR:-65dbm\\r\\n\\r\\nOK\\r\\n'""]"
-59,1,0.7071067811865476,,,,,0,615.683541522,"[""b'\\r\\n#MONI:"", 'T-Mobile', 'RSRP:-88', 'RSRQ:-10', 'TAC:2C34', 'Id:149E20B', 'EARFCN:1050', 'PWR:-57dbm', 'DRX:128\\r\\n#MONI:', 'RSRP:-88', 'RSRQ:-10', 'PhysCellId:0000009', 'EARFCN:1050', 'PWR:-57dbm\\r\\n#MONI:', 'RSRP:-89', 'RSRQ:-13', 'PhysCellId:000002A', 'EARFCN:1050', ""PWR:-66dbm\\r\\n\\r\\nOK\\r\\n'""]"
-61,2,2.0,,,,,0,630.7037642539999,"[""b'\\r\\n#MONI:"", 'T-Mobile', 'RSRP:-91', 'RSRQ:-13', 'TAC:2C34', 'Id:149E20B', 'EARFCN:1050', 'PWR:-58dbm', 'DRX:128\\r\\n#MONI:', 'RSRP:-91', 'RSRQ:-13', 'PhysCellId:0000009', 'EARFCN:1050', 'PWR:-58dbm\\r\\n#MONI:', 'RSRP:-93', 'RSRQ:-15', 'PhysCellId:000002A', 'EARFCN:1050', 'PWR:-69dbm\\r\\n#MONI:', 'RSRP:-95', 'RSRQ:-16', 'PhysCellId:00000B6', 'EARFCN:1050', ""PWR:-69dbm\\r\\n\\r\\nOK\\r\\n'""]"
-61,3,2.516611478423583,,,,,0,645.7218241330002,"[""b'\\r\\n#MONI:"", 'T-Mobile', 'RSRP:-96', 'RSRQ:-12', 'TAC:2C34', 'Id:149E20B', 'EARFCN:1050', 'PWR:-62dbm', 'DRX:128\\r\\n#MONI:', 'RSRP:-96', 'RSRQ:-12', 'PhysCellId:0000009', 'EARFCN:1050', 'PWR:-62dbm\\r\\n#MONI:', 'RSRP:-101', 'RSRQ:-17', 'PhysCellId:00000B6', 'EARFCN:1050', 'PWR:-74dbm\\r\\n#MONI:', 'RSRP:-99', 'RSRQ:-16', 'PhysCellId:000002A', 'EARFCN:1050', ""PWR:-74dbm\\r\\n\\r\\nOK\\r\\n'""]"
-63,-3,2.16794833886788,,,,,0,660.739885384,"[""b'\\r\\n#MONI:"", 'T-Mobile', 'RSRP:-98', 'RSRQ:-15', 'TAC:2C34', 'Id:149E201', 'EARFCN:2300', 'PWR:-62dbm', 'DRX:128\\r\\n#MONI:', 'RSRP:-98', 'RSRQ:-15', 'PhysCellId:0000009', 'EARFCN:2300', 'PWR:-62dbm\\r\\n#MONI:', 'RSRP:-101', 'RSRQ:-17', 'PhysCellId:0000196', 'EARFCN:2300', 'PWR:-74dbm\\r\\n#MONI:', 'RSRP:-95', 'RSRQ:-13', 'PhysCellId:0000009', 'EARFCN:1050', 'PWR:-61dbm\\r\\n#MONI:', 'RSRP:-98', 'RSRQ:-16', 'PhysCellId:00000B6', 'EARFCN:1050', 'PWR:-72dbm\\r\\n#MONI:', 'RSRP:-99', 'RSRQ:-17', 'PhysCellId:000002A', 'EARFCN:1050', ""PWR:-72dbm\\r\\n\\r\\nOK\\r\\n'""]"
-59,1,3.4364987719368982,,,,,0,675.7586050230002,"[""b'\\r\\n#MONI:"", 'T-Mobile', 'RSRP:-94', 'RSRQ:-10', 'TAC:2C34', 'Id:149F502', 'EARFCN:2300', 'PWR:-62dbm', 'DRX:128\\r\\n#MONI:', 'RSRP:-94', 'RSRQ:-10', 'PhysCellId:00001D5', 'EARFCN:2300', 'PWR:-62dbm\\r\\n#MONI:', 'RSRP:-99', 'RSRQ:-15', 'PhysCellId:0000009', 'EARFCN:2300', 'PWR:-75dbm\\r\\n#MONI:', 'RSRP:-104', 'RSRQ:-19', 'PhysCellId:0000159', 'EARFCN:2300', 'PWR:-75dbm\\r\\n#MONI:', 'RSRP:-100', 'RSRQ:-16', 'PhysCellId:00000B6', 'EARFCN:2300', 'PWR:-75dbm\\r\\n#MONI:', 'RSRP:-95', 'RSRQ:-14', 'PhysCellId:0000009', 'EARFCN:1050', 'PWR:-71dbm\\r\\n#MONI:', 'RSRP:-96', 'RSRQ:-15', 'PhysCellId:00000B6', 'EARFCN:1050', 'PWR:-71dbm\\r\\n#MONI:', 'RSRP:-97', 'RSRQ:-16', 'PhysCellId:00001C6', 'EARFCN:1050', ""PWR:-71dbm\\r\\n\\r\\nOK\\r\\n'""]"
-63,1,2.70801280154532,,,,,0,690.773509699,"[""b'\\r\\n#MONI:"", 'T-Mobile', 'RSRP:-94', 'RSRQ:-13', 'TAC:2C34', 'Id:149F502', 'EARFCN:2300', 'PWR:-61dbm', 'DRX:128\\r\\n#MONI:', 'RSRP:-94', 'RSRQ:-13', 'PhysCellId:00001D5', 'EARFCN:2300', 'PWR:-61dbm\\r\\n#MONI:', 'RSRP:-96', 'RSRQ:-14', 'PhysCellId:0000009', 'EARFCN:2300', 'PWR:-72dbm\\r\\n#MONI:', 'RSRP:-99', 'RSRQ:-17', 'PhysCellId:0000159', 'EARFCN:2300', 'PWR:-72dbm\\r\\n#MONI:', 'RSRP:-102', 'RSRQ:-20', 'PhysCellId:00000B6', 'EARFCN:2300', 'PWR:-72dbm\\r\\n#MONI:', 'RSRP:-95', 'RSRQ:-14', 'PhysCellId:0000009', 'EARFCN:1050', 'PWR:-71dbm\\r\\n#MONI:', 'RSRP:-96', 'RSRQ:-15', 'PhysCellId:00000B6', 'EARFCN:1050', 'PWR:-71dbm\\r\\n#MONI:', 'RSRP:-97', 'RSRQ:-16', 'PhysCellId:00001C6', 'EARFCN:1050', ""PWR:-71dbm\\r\\n\\r\\nOK\\r\\n'""]"
-59,6,3.7416573867739413,,,,,0,705.7916879869999,"[""b'\\r\\n#MONI:"", 'T-Mobile', 'RSRP:-93', 'RSRQ:-13', 'TAC:2C34', 'Id:149F502', 'EARFCN:2300', 'PWR:-60dbm', 'DRX:128\\r\\n#MONI:', 'RSRP:-93', 'RSRQ:-13', 'PhysCellId:00001D5', 'EARFCN:2300', 'PWR:-60dbm\\r\\n#MONI:', 'RSRP:-99', 'RSRQ:-19', 'PhysCellId:000006F', 'EARFCN:2300', 'PWR:-71dbm\\r\\n#MONI:', 'RSRP:-99', 'RSRQ:-19', 'PhysCellId:0000009', 'EARFCN:2300', 'PWR:-71dbm\\r\\n#MONI:', 'RSRP:-101', 'RSRQ:-17', 'PhysCellId:0000009', 'EARFCN:1050', 'PWR:-74dbm\\r\\n#MONI:', 'RSRP:0', 'RSRQ:0', 'PhysCellId:0000000', 'EARFCN:1050', 'PWR:0dbm\\r\\n#MONI:', 'RSRP:-103', 'RSRQ:-16', 'PhysCellId:00001C6', 'EARFCN:1050', 'PWR:-75dbm\\r\\n#MONI:', 'RSRP:0', 'RSRQ:0', 'PhysCellId:0000000', 'EARFCN:1050', ""PWR:0dbm\\r\\n\\r\\nOK\\r\\n'""]"
-63,-2,1.90029237516523,,,,,0,720.8064798290002,"[""b'\\r\\n#MONI:"", 'T-Mobile', 'RSRP:-97', 'RSRQ:-13', 'TAC:2C34', 'Id:149F502', 'EARFCN:2300', 'PWR:-62dbm', 'DRX:128\\r\\n#MONI:', 'RSRP:-97', 'RSRQ:-13', 'PhysCellId:00001D5', 'EARFCN:2300', 'PWR:-62dbm\\r\\n#MONI:', 'RSRP:-97', 'RSRQ:-14', 'PhysCellId:000006F', 'EARFCN:2300', 'PWR:-74dbm\\r\\n#MONI:', 'RSRP:-98', 'RSRQ:-15', 'PhysCellId:0000091', 'EARFCN:2300', 'PWR:-74dbm\\r\\n#MONI:', 'RSRP:-97', 'RSRQ:-14', 'PhysCellId:0000009', 'EARFCN:2300', 'PWR:-74dbm\\r\\n#MONI:', 'RSRP:-101', 'RSRQ:-16', 'PhysCellId:0000182', 'EARFCN:2300', 'PWR:-74dbm\\r\\n#MONI:', 'RSRP:-100', 'RSRQ:-17', 'PhysCellId:0000009', 'EARFCN:1050', 'PWR:-74dbm\\r\\n#MONI:', 'RSRP:-98', 'RSRQ:-15', 'PhysCellId:00001C6', 'EARFCN:1050', 'PWR:-74dbm\\r\\n#MONI:', 'RSRP:-95', 'RSRQ:-12', 'PhysCellId:0000091', 'EARFCN:1050', 'PWR:-74dbm\\r\\n#MONI:', 'RSRP:-100', 'RSRQ:-17', 'PhysCellId:0000126', 'EARFCN:1050', ""PWR:-74dbm\\r\\n\\r\\nOK\\r\\n'""]"
-67,0,1.7888543819998317,,,,,0,735.8198486350002,"[""b'\\r\\n#MONI:"", 'T-Mobile', 'RSRP:-101', 'RSRQ:-16', 'TAC:2C34', 'Id:2AF710D', 'EARFCN:1050', 'PWR:-65dbm', 'DRX:128\\r\\n#MONI:', 'RSRP:-101', 'RSRQ:-16', 'PhysCellId:0000091', 'EARFCN:1050', 'PWR:-65dbm\\r\\n#MONI:', 'RSRP:-101', 'RSRQ:-14', 'PhysCellId:00000B6', 'EARFCN:1050', 'PWR:-77dbm\\r\\n#MONI:', 'RSRP:-104', 'RSRQ:-17', 'PhysCellId:0000159', 'EARFCN:1050', 'PWR:-77dbm\\r\\n#MONI:', 'RSRP:0', 'RSRQ:0', 'PhysCellId:0000000', 'EARFCN:2300', 'PWR:0dbm\\r\\n#MONI:', 'RSRP:-105', 'RSRQ:-17', 'PhysCellId:0000182', 'EARFCN:2300', 'PWR:-76dbm\\r\\n#MONI:', 'RSRP:-103', 'RSRQ:-17', 'PhysCellId:00001BB', 'EARFCN:2300', 'PWR:-76dbm\\r\\n#MONI:', 'RSRP:0', 'RSRQ:0', 'PhysCellId:0000000', 'EARFCN:2300', 'PWR:0dbm\\r\\n#MONI:', 'RSRP:0', 'RSRQ:0', 'PhysCellId:0000000', 'EARFCN:2300', 'PWR:0dbm\\r\\n#MONI:', 'RSRP:0', 'RSRQ:0', 'PhysCellId:0000000', 'EARFCN:2300', ""PWR:0dbm\\r\\n\\r\\nOK\\r\\n'""]"
-63,1,3.116774889895918,,,,,0,750.8335158119999,"[""b'\\r\\n#MONI:"", 'T-Mobile', 'RSRP:-98', 'RSRQ:-14', 'TAC:2C34', 'Id:2AF710D', 'EARFCN:1050', 'PWR:-64dbm', 'DRX:128\\r\\n#MONI:', 'RSRP:-98', 'RSRQ:-14', 'PhysCellId:0000091', 'EARFCN:1050', 'PWR:-64dbm\\r\\n#MONI:', 'RSRP:-99', 'RSRQ:-12', 'PhysCellId:00000B6', 'EARFCN:1050', 'PWR:-76dbm\\r\\n#MONI:', 'RSRP:-103', 'RSRQ:-17', 'PhysCellId:000002A', 'EARFCN:1050', 'PWR:-76dbm\\r\\n#MONI:', 'RSRP:-103', 'RSRQ:-15', 'PhysCellId:00001BB', 'EARFCN:1050', 'PWR:-77dbm\\r\\n#MONI:', 'RSRP:-99', 'RSRQ:-13', 'PhysCellId:00000B6', 'EARFCN:2300', 'PWR:-65dbm\\r\\n#MONI:', 'RSRP:-99', 'RSRQ:-11', 'PhysCellId:0000091', 'EARFCN:2300', 'PWR:-79dbm\\r\\n#MONI:', 'RSRP:-105', 'RSRQ:-16', 'PhysCellId:0000009', 'EARFCN:2300', 'PWR:-78dbm\\r\\n#MONI:', 'RSRP:-106', 'RSRQ:-18', 'PhysCellId:000002A', 'EARFCN:2300', ""PWR:-79dbm\\r\\n\\r\\nOK\\r\\n'""]"
-65,-2,3.4641016151377544,4740.2260N,12218.5387W,64.8,0.0,0,765.8516064690002,"[""b'\\r\\n#MONI:"", 'T-Mobile', 'RSRP:-98', 'RSRQ:-14', 'TAC:2C34', 'Id:149DF0D', 'EARFCN:1050', 'PWR:-63dbm', 'DRX:128\\r\\n#MONI:', 'RSRP:-98', 'RSRQ:-14', 'PhysCellId:00000B6', 'EARFCN:1050', 'PWR:-63dbm\\r\\n#MONI:', 'RSRP:-96', 'RSRQ:-10', 'PhysCellId:0000091', 'EARFCN:1050', 'PWR:-76dbm\\r\\n#MONI:', 'RSRP:-100', 'RSRQ:-14', 'PhysCellId:00001BB', 'EARFCN:1050', 'PWR:-76dbm\\r\\n#MONI:', 'RSRP:-104', 'RSRQ:-18', 'PhysCellId:0000009', 'EARFCN:1050', 'PWR:-76dbm\\r\\n#MONI:', 'RSRP:-96', 'RSRQ:-11', 'PhysCellId:00000B6', 'EARFCN:2300', 'PWR:-76dbm\\r\\n#MONI:', 'RSRP:-104', 'RSRQ:-18', 'PhysCellId:0000009', 'EARFCN:2300', 'PWR:-76dbm\\r\\n#MONI:', 'RSRP:-102', 'RSRQ:-16', 'PhysCellId:000002A', 'EARFCN:2300', ""PWR:-76dbm\\r\\n\\r\\nOK\\r\\n'""]"
-61,2,4.43846820423443,4740.2252N,12218.5377W,63.5,0.0,0,780.8693846639999,"[""b'\\r\\n#MONI:"", 'T-Mobile', 'RSRP:-92', 'RSRQ:-15', 'TAC:2C34', 'Id:149DF0D', 'EARFCN:1050', 'PWR:-57dbm', 'DRX:128\\r\\n#MONI:', 'RSRP:-92', 'RSRQ:-15', 'PhysCellId:00000B6', 'EARFCN:1050', 'PWR:-57dbm\\r\\n#MONI:', 'RSRP:-94', 'RSRQ:-14', 'PhysCellId:0000091', 'EARFCN:1050', 'PWR:-70dbm\\r\\n#MONI:', 'RSRP:-95', 'RSRQ:-11', 'PhysCellId:00000B6', 'EARFCN:2300', 'PWR:-75dbm\\r\\n#MONI:', 'RSRP:-102', 'RSRQ:-18', 'PhysCellId:000002A', 'EARFCN:2300', 'PWR:-75dbm\\r\\n#MONI:', 'RSRP:-101', 'RSRQ:-17', 'PhysCellId:0000009', 'EARFCN:2300', ""PWR:-75dbm\\r\\n\\r\\nOK\\r\\n'""]"
-61,5,5.167204273105526,4740.2271N,12218.5366W,66.4,0.0,0,795.883479007,"[""b'\\r\\n#MONI:"", 'T-Mobile', 'RSRP:-90', 'RSRQ:-9', 'TAC:2C34', 'Id:149DF0D', 'EARFCN:1050', 'PWR:-60dbm', 'DRX:128\\r\\n#MONI:', 'RSRP:-90', 'RSRQ:-9', 'PhysCellId:00000B6', 'EARFCN:1050', 'PWR:-60dbm\\r\\n#MONI:', 'RSRP:-101', 'RSRQ:-15', 'PhysCellId:0000091', 'EARFCN:1050', 'PWR:-73dbm\\r\\n#MONI:', 'RSRP:-95', 'RSRQ:-11', 'PhysCellId:00000B6', 'EARFCN:2300', 'PWR:-75dbm\\r\\n#MONI:', 'RSRP:-102', 'RSRQ:-18', 'PhysCellId:000002A', 'EARFCN:2300', 'PWR:-75dbm\\r\\n#MONI:', 'RSRP:-101', 'RSRQ:-17', 'PhysCellId:0000009', 'EARFCN:2300', ""PWR:-75dbm\\r\\n\\r\\nOK\\r\\n'""]"
-63,-1,3.24037034920393,4740.2433N,12218.5341W,43.0,0.0,0,810.8972017020001,"[""b'\\r\\n#MONI:"", 'T-Mobile', 'RSRP:-96', 'RSRQ:-11', 'TAC:2C34', 'Id:149DF0D', 'EARFCN:1050', 'PWR:-65dbm', 'DRX:128\\r\\n#MONI:', 'RSRP:-96', 'RSRQ:-11', 'PhysCellId:00000B6', 'EARFCN:1050', 'PWR:-65dbm\\r\\n#MONI:', 'RSRP:-96', 'RSRQ:-8', 'PhysCellId:0000091', 'EARFCN:1050', 'PWR:-78dbm\\r\\n#MONI:', 'RSRP:-95', 'RSRQ:-11', 'PhysCellId:00000B6', 'EARFCN:2300', 'PWR:-75dbm\\r\\n#MONI:', 'RSRP:-102', 'RSRQ:-18', 'PhysCellId:000002A', 'EARFCN:2300', 'PWR:-75dbm\\r\\n#MONI:', 'RSRP:-101', 'RSRQ:-17', 'PhysCellId:0000009', 'EARFCN:2300', ""PWR:-75dbm\\r\\n\\r\\nOK\\r\\n'""]"
-61,3,5.029910535983717,4740.2461N,12218.5320W,20.3,0.0,0,825.9135066560002,"[""b'\\r\\n#MONI:"", 'T-Mobile', 'RSRP:-92', 'RSRQ:-10', 'TAC:2C34', 'Id:149DF0D', 'EARFCN:1050', 'PWR:-61dbm', 'DRX:128\\r\\n#MONI:', 'RSRP:-92', 'RSRQ:-10', 'PhysCellId:00000B6', 'EARFCN:1050', 'PWR:-61dbm\\r\\n#MONI:', 'RSRP:-100', 'RSRQ:-18', 'PhysCellId:0000091', 'EARFCN:1050', 'PWR:-73dbm\\r\\n#MONI:', 'RSRP:-105', 'RSRQ:-20', 'PhysCellId:0000009', 'EARFCN:1050', 'PWR:-73dbm\\r\\n#MONI:', 'RSRP:-95', 'RSRQ:-11', 'PhysCellId:00000B6', 'EARFCN:2300', 'PWR:-74dbm\\r\\n#MONI:', 'RSRP:-100', 'RSRQ:-17', 'PhysCellId:0000091', 'EARFCN:2300', ""PWR:-74dbm\\r\\n\\r\\nOK\\r\\n'""]"
-57,-4,5.319774431308154,4740.2489N,12218.5310W,22.2,0.0,0,840.9315835910002,"[""b'\\r\\n#MONI:"", 'T-Mobile', 'RSRP:-99', 'RSRQ:-10', 'TAC:2C34', 'Id:149DF0D', 'EARFCN:1050', 'PWR:-66dbm', 'DRX:128\\r\\n#MONI:', 'RSRP:-99', 'RSRQ:-10', 'PhysCellId:00000B6', 'EARFCN:1050', 'PWR:-66dbm\\r\\n#MONI:', 'RSRP:-108', 'RSRQ:-17', 'PhysCellId:0000091', 'EARFCN:1050', 'PWR:-78dbm\\r\\n#MONI:', 'RSRP:-106', 'RSRQ:-16', 'PhysCellId:0000159', 'EARFCN:1050', 'PWR:-78dbm\\r\\n#MONI:', 'RSRP:-95', 'RSRQ:-11', 'PhysCellId:00000B6', 'EARFCN:2300', 'PWR:-74dbm\\r\\n#MONI:', 'RSRP:-100', 'RSRQ:-17', 'PhysCellId:0000091', 'EARFCN:2300', ""PWR:-74dbm\\r\\n\\r\\nOK\\r\\n'""]"
-67,-5,7.503332592921629,4740.2518N,12218.5299W,24.6,0.0,0,855.9515171560001,"[""b'\\r\\n#MONI:"", 'T-Mobile', 'RSRP:-100', 'RSRQ:-11', 'TAC:2C34', 'Id:149DF0D', 'EARFCN:1050', 'PWR:-69dbm', 'DRX:128\\r\\n#MONI:', 'RSRP:-100', 'RSRQ:-11', 'PhysCellId:00000B6', 'EARFCN:1050', 'PWR:-69dbm\\r\\n#MONI:', 'RSRP:-112', 'RSRQ:-19', 'PhysCellId:0000159', 'EARFCN:1050', 'PWR:-82dbm\\r\\n#MONI:', 'RSRP:-111', 'RSRQ:-18', 'PhysCellId:000002A', 'EARFCN:1050', 'PWR:-82dbm\\r\\n#MONI:', 'RSRP:-95', 'RSRQ:-11', 'PhysCellId:00000B6', 'EARFCN:2300', 'PWR:-74dbm\\r\\n#MONI:', 'RSRP:-100', 'RSRQ:-17', 'PhysCellId:0000091', 'EARFCN:2300', ""PWR:-74dbm\\r\\n\\r\\nOK\\r\\n'""]"
-69,-5,5.941380311005179,4740.2568N,12218.5282W,29.0,0.0,0,870.9696871659999,"[""b'\\r\\n#MONI:"", 'T-Mobile', 'RSRP:-100', 'RSRQ:-11', 'TAC:2C34', 'Id:149DF0D', 'EARFCN:1050', 'PWR:-68dbm', 'DRX:128\\r\\n#MONI:', 'RSRP:-100', 'RSRQ:-11', 'PhysCellId:00000B6', 'EARFCN:1050', 'PWR:-68dbm\\r\\n#MONI:', 'RSRP:-109', 'RSRQ:-18', 'PhysCellId:000002A', 'EARFCN:1050', 'PWR:-81dbm\\r\\n#MONI:', 'RSRP:-108', 'RSRQ:-17', 'PhysCellId:0000159', 'EARFCN:1050', 'PWR:-81dbm\\r\\n#MONI:', 'RSRP:-95', 'RSRQ:-11', 'PhysCellId:00000B6', 'EARFCN:2300', 'PWR:-74dbm\\r\\n#MONI:', 'RSRP:-100', 'RSRQ:-17', 'PhysCellId:0000091', 'EARFCN:2300', ""PWR:-74dbm\\r\\n\\r\\nOK\\r\\n'""]"
-67,-4,5.446711546122731,4740.2583N,12218.5275W,32.2,0.0,0,885.9835528610001,"[""b'\\r\\n#MONI:"", 'T-Mobile', 'RSRP:-99', 'RSRQ:-13', 'TAC:2C34', 'Id:149DF0D', 'EARFCN:1050', 'PWR:-65dbm', 'DRX:128\\r\\n#MONI:', 'RSRP:-99', 'RSRQ:-13', 'PhysCellId:00000B6', 'EARFCN:1050', 'PWR:-65dbm\\r\\n#MONI:', 'RSRP:-108', 'RSRQ:-17', 'PhysCellId:000002A', 'EARFCN:1050', 'PWR:-81dbm\\r\\n#MONI:', 'RSRP:-95', 'RSRQ:-11', 'PhysCellId:00000B6', 'EARFCN:2300', 'PWR:-74dbm\\r\\n#MONI:', 'RSRP:-100', 'RSRQ:-17', 'PhysCellId:0000091', 'EARFCN:2300', ""PWR:-74dbm\\r\\n\\r\\nOK\\r\\n'""]"
-69,2,5.377421934967226,4740.2600N,12218.5269W,35.9,0.0,0,901.0016097960001,"[""b'\\r\\n#MONI:"", 'T-Mobile', 'RSRP:-93', 'RSRQ:-10', 'TAC:2C34', 'Id:149DF0D', 'EARFCN:1050', 'PWR:-63dbm', 'DRX:128\\r\\n#MONI:', 'RSRP:-93', 'RSRQ:-10', 'PhysCellId:00000B6', 'EARFCN:1050', 'PWR:-63dbm\\r\\n#MONI:', 'RSRP:-105', 'RSRQ:-18', 'PhysCellId:000002A', 'EARFCN:1050', 'PWR:-77dbm\\r\\n#MONI:', 'RSRP:-95', 'RSRQ:-11', 'PhysCellId:00000B6', 'EARFCN:2300', 'PWR:-74dbm\\r\\n#MONI:', 'RSRP:-100', 'RSRQ:-17', 'PhysCellId:0000091', 'EARFCN:2300', ""PWR:-74dbm\\r\\n\\r\\nOK\\r\\n'""]"
-57,0,7.0710678118654755,4740.2626N,12218.5262W,41.5,0.0,0,916.0196817320002,"[""b'\\r\\n#MONI:"", 'T-Mobile', 'RSRP:-95', 'RSRQ:-11', 'TAC:2C34', 'Id:149DF0D', 'EARFCN:1050', 'PWR:-64dbm', 'DRX:128\\r\\n#MONI:', 'RSRP:-95', 'RSRQ:-11', 'PhysCellId:00000B6', 'EARFCN:1050', 'PWR:-64dbm\\r\\n#MONI:', 'RSRP:-110', 'RSRQ:-20', 'PhysCellId:0000159', 'EARFCN:1050', 'PWR:-78dbm\\r\\n#MONI:', 'RSRP:-95', 'RSRQ:-11', 'PhysCellId:00000B6', 'EARFCN:2300', 'PWR:-74dbm\\r\\n#MONI:', 'RSRP:-100', 'RSRQ:-17', 'PhysCellId:0000091', 'EARFCN:2300', ""PWR:-74dbm\\r\\n\\r\\nOK\\r\\n'""]"
-61,5,5.715476066494082,4740.2658N,12218.5253W,47.8,0.0,0,931.041720963,"[""b'\\r\\n#MONI:"", 'T-Mobile', 'RSRP:-90', 'RSRQ:-9', 'TAC:2C34', 'Id:149DF0D', 'EARFCN:1050', 'PWR:-61dbm', 'DRX:128\\r\\n#MONI:', 'RSRP:-90', 'RSRQ:-9', 'PhysCellId:00000B6', 'EARFCN:1050', 'PWR:-61dbm\\r\\n#MONI:', 'RSRP:-103', 'RSRQ:-18', 'PhysCellId:0000159', 'EARFCN:1050', 'PWR:-73dbm\\r\\n#MONI:', 'RSRP:-95', 'RSRQ:-11', 'PhysCellId:00000B6', 'EARFCN:2300', 'PWR:-74dbm\\r\\n#MONI:', 'RSRP:-100', 'RSRQ:-17', 'PhysCellId:0000091', 'EARFCN:2300', ""PWR:-74dbm\\r\\n\\r\\nOK\\r\\n'""]"
-61,5,5.0,4740.2707N,12218.5244W,56.4,0.0,0,946.0642925289999,"[""b'\\r\\n#MONI:"", 'T-Mobile', 'RSRP:-90', 'RSRQ:-8', 'TAC:2C34', 'Id:149DF0D', 'EARFCN:1050', 'PWR:-61dbm', 'DRX:128\\r\\n#MONI:', 'RSRP:-90', 'RSRQ:-8', 'PhysCellId:00000B6', 'EARFCN:1050', 'PWR:-61dbm\\r\\n#MONI:', 'RSRP:-95', 'RSRQ:-11', 'PhysCellId:00000B6', 'EARFCN:2300', 'PWR:-74dbm\\r\\n#MONI:', 'RSRP:-100', 'RSRQ:-17', 'PhysCellId:0000091', 'EARFCN:2300', ""PWR:-74dbm\\r\\n\\r\\nOK\\r\\n'""]"
-63,-1,2.6457513110645907,4740.2764N,12218.5236W,67.6,0.0,0,961.0834905010001,"[""b'\\r\\n#MONI:"", 'T-Mobile', 'RSRP:-96', 'RSRQ:-13', 'TAC:2C34', 'Id:149DF0D', 'EARFCN:1050', 'PWR:-61dbm', 'DRX:128\\r\\n#MONI:', 'RSRP:-96', 'RSRQ:-13', 'PhysCellId:00000B6', 'EARFCN:1050', 'PWR:-61dbm\\r\\n#MONI:', 'RSRP:-95', 'RSRQ:-11', 'PhysCellId:00000B6', 'EARFCN:2300', 'PWR:-74dbm\\r\\n#MONI:', 'RSRP:-100', 'RSRQ:-17', 'PhysCellId:0000091', 'EARFCN:2300', ""PWR:-74dbm\\r\\n\\r\\nOK\\r\\n'""]"
-63,-4,2.6457513110645907,4740.2804N,12218.5228W,74.6,0.0,0,976.1034181959999,"[""b'\\r\\n#MONI:"", 'T-Mobile', 'RSRP:-99', 'RSRQ:-10', 'TAC:2C34', 'Id:149DF0D', 'EARFCN:1050', 'PWR:-68dbm', 'DRX:128\\r\\n#MONI:', 'RSRP:-99', 'RSRQ:-10', 'PhysCellId:00000B6', 'EARFCN:1050', 'PWR:-68dbm\\r\\n#MONI:', 'RSRP:-95', 'RSRQ:-11', 'PhysCellId:00000B6', 'EARFCN:2300', 'PWR:-74dbm\\r\\n#MONI:', 'RSRP:-100', 'RSRQ:-17', 'PhysCellId:0000091', 'EARFCN:2300', ""PWR:-74dbm\\r\\n\\r\\nOK\\r\\n'""]"
-63,3,4.932882862316247,4740.2868N,12218.5221W,85.0,0.0,0,991.121634094,"[""b'\\r\\n#MONI:"", 'T-Mobile', 'RSRP:-92', 'RSRQ:-10', 'TAC:2C34', 'Id:149DF0D', 'EARFCN:1050', 'PWR:-63dbm', 'DRX:128\\r\\n#MONI:', 'RSRP:-92', 'RSRQ:-10', 'PhysCellId:00000B6', 'EARFCN:1050', 'PWR:-63dbm\\r\\n#MONI:', 'RSRP:-103', 'RSRQ:-16', 'PhysCellId:000002A', 'EARFCN:1050', 'PWR:-76dbm\\r\\n#MONI:', 'RSRP:-95', 'RSRQ:-11', 'PhysCellId:00000B6', 'EARFCN:2300', 'PWR:-74dbm\\r\\n#MONI:', 'RSRP:-100', 'RSRQ:-17', 'PhysCellId:0000091', 'EARFCN:2300', ""PWR:-74dbm\\r\\n\\r\\nOK\\r\\n'""]"
-63,5,7.2571803523590805,4740.2943N,12218.5212W,96.0,0.0,0,1006.1398822709998,"[""b'\\r\\n#MONI:"", 'T-Mobile', 'RSRP:-90', 'RSRQ:-9', 'TAC:2C34', 'Id:149DF0D', 'EARFCN:1050', 'PWR:-60dbm', 'DRX:128\\r\\n#MONI:', 'RSRP:-90', 'RSRQ:-9', 'PhysCellId:00000B6', 'EARFCN:1050', 'PWR:-60dbm\\r\\n#MONI:', 'RSRP:-107', 'RSRQ:-20', 'PhysCellId:000002A', 'EARFCN:1050', 'PWR:-72dbm\\r\\n#MONI:', 'RSRP:-95', 'RSRQ:-11', 'PhysCellId:00000B6', 'EARFCN:2300', 'PWR:-74dbm\\r\\n#MONI:', 'RSRP:-100', 'RSRQ:-17', 'PhysCellId:0000091', 'EARFCN:2300', ""PWR:-74dbm\\r\\n\\r\\nOK\\r\\n'""]"
-55,4,4.509249752822894,4740.3012N,12218.5204W,106.1,0.0,0,1021.1603840950002,"[""b'\\r\\n#MONI:"", 'T-Mobile', 'RSRP:-91', 'RSRQ:-9', 'TAC:2C34', 'Id:149DF0D', 'EARFCN:1050', 'PWR:-61dbm', 'DRX:128\\r\\n#MONI:', 'RSRP:-91', 'RSRQ:-9', 'PhysCellId:00000B6', 'EARFCN:1050', 'PWR:-61dbm\\r\\n#MONI:', 'RSRP:-95', 'RSRQ:-11', 'PhysCellId:00000B6', 'EARFCN:2300', 'PWR:-74dbm\\r\\n#MONI:', 'RSRP:-100', 'RSRQ:-17', 'PhysCellId:0000091', 'EARFCN:2300', ""PWR:-74dbm\\r\\n\\r\\nOK\\r\\n'""]"
-51,5,5.0,4740.1277N,12218.3468W,-21.3,4.6,0,1036.181509345,"[""b'\\r\\n#MONI:"", 'T-Mobile', 'RSRP:-90', 'RSRQ:-8', 'TAC:2C34', 'Id:149DF0D', 'EARFCN:1050', 'PWR:-60dbm', 'DRX:128\\r\\n#MONI:', 'RSRP:-90', 'RSRQ:-8', 'PhysCellId:00000B6', 'EARFCN:1050', 'PWR:-60dbm\\r\\n#MONI:', 'RSRP:-95', 'RSRQ:-11', 'PhysCellId:00000B6', 'EARFCN:2300', 'PWR:-74dbm\\r\\n#MONI:', 'RSRP:-100', 'RSRQ:-17', 'PhysCellId:0000091', 'EARFCN:2300', ""PWR:-74dbm\\r\\n\\r\\nOK\\r\\n'""]"
-59,3,4.041451884327381,4740.1366N,12218.3407W,-19.4,4.1,0,1051.204012781,"[""b'\\r\\n#MONI:"", 'T-Mobile', 'RSRP:-92', 'RSRQ:-10', 'TAC:2C34', 'Id:149DF0D', 'EARFCN:1050', 'PWR:-61dbm', 'DRX:128\\r\\n#MONI:', 'RSRP:-92', 'RSRQ:-10', 'PhysCellId:00000B6', 'EARFCN:1050', 'PWR:-61dbm\\r\\n#MONI:', 'RSRP:-95', 'RSRQ:-11', 'PhysCellId:00000B6', 'EARFCN:2300', 'PWR:-74dbm\\r\\n#MONI:', 'RSRP:-100', 'RSRQ:-17', 'PhysCellId:0000091', 'EARFCN:2300', ""PWR:-74dbm\\r\\n\\r\\nOK\\r\\n'""]"
-57,6,5.507570547286102,4740.1266N,12218.3302W,-19.4,2.9,0,1066.22353229,"[""b'\\r\\n#MONI:"", 'T-Mobile', 'RSRP:-89', 'RSRQ:-11', 'TAC:2C34', 'Id:149DF0D', 'EARFCN:1050', 'PWR:-58dbm', 'DRX:128\\r\\n#MONI:', 'RSRP:-89', 'RSRQ:-11', 'PhysCellId:00000B6', 'EARFCN:1050', 'PWR:-58dbm\\r\\n#MONI:', 'RSRP:-95', 'RSRQ:-11', 'PhysCellId:00000B6', 'EARFCN:2300', 'PWR:-74dbm\\r\\n#MONI:', 'RSRP:-100', 'RSRQ:-17', 'PhysCellId:0000091', 'EARFCN:2300', ""PWR:-74dbm\\r\\n\\r\\nOK\\r\\n'""]"
-61,1,3.8622100754188224,4740.1300N,12218.3110W,-19.6,3.7,0,1081.241583948,"[""b'\\r\\n#MONI:"", 'T-Mobile', 'RSRP:-94', 'RSRQ:-13', 'TAC:2C34', 'Id:149DF0D', 'EARFCN:1050', 'PWR:-61dbm', 'DRX:128\\r\\n#MONI:', 'RSRP:-94', 'RSRQ:-13', 'PhysCellId:00000B6', 'EARFCN:1050', 'PWR:-61dbm\\r\\n#MONI:', 'RSRP:-102', 'RSRQ:-16', 'PhysCellId:00000F8', 'EARFCN:1050', 'PWR:-76dbm\\r\\n#MONI:', 'RSRP:-95', 'RSRQ:-11', 'PhysCellId:00000B6', 'EARFCN:2300', 'PWR:-74dbm\\r\\n#MONI:', 'RSRP:-100', 'RSRQ:-17', 'PhysCellId:0000091', 'EARFCN:2300', ""PWR:-74dbm\\r\\n\\r\\nOK\\r\\n'""]"
-61,0,2.886751345948129,4740.1450N,12218.2976W,-20.4,3.2,0,1096.2597114760001,"[""b'\\r\\n#MONI:"", 'T-Mobile', 'RSRP:-95', 'RSRQ:-14', 'TAC:2C34', 'Id:149DF0D', 'EARFCN:1050', 'PWR:-60dbm', 'DRX:128\\r\\n#MONI:', 'RSRP:-95', 'RSRQ:-14', 'PhysCellId:00000B6', 'EARFCN:1050', 'PWR:-60dbm\\r\\n#MONI:', 'RSRP:-100', 'RSRQ:-19', 'PhysCellId:00000F8', 'EARFCN:1050', 'PWR:-71dbm\\r\\n#MONI:', 'RSRP:-95', 'RSRQ:-11', 'PhysCellId:00000B6', 'EARFCN:2300', 'PWR:-74dbm\\r\\n#MONI:', 'RSRP:-100', 'RSRQ:-17', 'PhysCellId:0000091', 'EARFCN:2300', ""PWR:-74dbm\\r\\n\\r\\nOK\\r\\n'""]"
-63,2,3.8622100754188224,4740.1529N,12218.2919W,-20.2,2.3,0,1111.277829189,"[""b'\\r\\n#MONI:"", 'T-Mobile', 'RSRP:-93', 'RSRQ:-14', 'TAC:2C34', 'Id:149DF0D', 'EARFCN:1050', 'PWR:-58dbm', 'DRX:128\\r\\n#MONI:', 'RSRP:-93', 'RSRQ:-14', 'PhysCellId:00000B6', 'EARFCN:1050', 'PWR:-58dbm\\r\\n#MONI:', 'RSRP:-101', 'RSRQ:-20', 'PhysCellId:00000F8', 'EARFCN:1050', 'PWR:-70dbm\\r\\n#MONI:', 'RSRP:-95', 'RSRQ:-11', 'PhysCellId:00000B6', 'EARFCN:2300', 'PWR:-74dbm\\r\\n#MONI:', 'RSRP:-100', 'RSRQ:-17', 'PhysCellId:0000091', 'EARFCN:2300', ""PWR:-74dbm\\r\\n\\r\\nOK\\r\\n'""]"
-57,5,4.349329450233296,4740.1517N,12218.2716W,-18.5,5.5,0,1126.295877736,"[""b'\\r\\n#MONI:"", 'T-Mobile', 'RSRP:-90', 'RSRQ:-12', 'TAC:2C34', 'Id:149DF0D', 'EARFCN:1050', 'PWR:-57dbm', 'DRX:128\\r\\n#MONI:', 'RSRP:-90', 'RSRQ:-12', 'PhysCellId:00000B6', 'EARFCN:1050', 'PWR:-57dbm\\r\\n#MONI:', 'RSRP:-98', 'RSRQ:-20', 'PhysCellId:00000F8', 'EARFCN:1050', 'PWR:-69dbm\\r\\n#MONI:', 'RSRP:-95', 'RSRQ:-11', 'PhysCellId:00000B6', 'EARFCN:2300', 'PWR:-74dbm\\r\\n#MONI:', 'RSRP:-100', 'RSRQ:-17', 'PhysCellId:0000091', 'EARFCN:2300', ""PWR:-74dbm\\r\\n\\r\\nOK\\r\\n'""]"
-51,13,9.29157324317757,4740.1435N,12218.2581W,-18.6,2.6,0,1141.313392431,"[""b'\\r\\n#MONI:"", 'T-Mobile', 'RSRP:-82', 'RSRQ:-12', 'TAC:2C34', 'Id:149DF0D', 'EARFCN:1050', 'PWR:-49dbm', 'DRX:128\\r\\n#MONI:', 'RSRP:-82', 'RSRQ:-12', 'PhysCellId:00000B6', 'EARFCN:1050', 'PWR:-49dbm\\r\\n#MONI:', 'RSRP:-95', 'RSRQ:-11', 'PhysCellId:00000B6', 'EARFCN:2300', 'PWR:-74dbm\\r\\n#MONI:', 'RSRP:-100', 'RSRQ:-17', 'PhysCellId:0000091', 'EARFCN:2300', ""PWR:-74dbm\\r\\n\\r\\nOK\\r\\n'""]"
-51,11,7.544313531837517,4740.1399N,12218.2512W,-18.0,3.3,0,1156.3314004959998,"[""b'\\r\\n#MONI:"", 'T-Mobile', 'RSRP:-84', 'RSRQ:-11', 'TAC:2C34', 'Id:149DF0D', 'EARFCN:1050', 'PWR:-52dbm', 'DRX:128\\r\\n#MONI:', 'RSRP:-84', 'RSRQ:-11', 'PhysCellId:00000B6', 'EARFCN:1050', 'PWR:-52dbm\\r\\n#MONI:', 'RSRP:-100', 'RSRQ:-20', 'PhysCellId:000003A', 'EARFCN:1050', 'PWR:-66dbm\\r\\n#MONI:', 'RSRP:-95', 'RSRQ:-11', 'PhysCellId:00000B6', 'EARFCN:2300', 'PWR:-74dbm\\r\\n#MONI:', 'RSRP:-100', 'RSRQ:-17', 'PhysCellId:0000091', 'EARFCN:2300', ""PWR:-74dbm\\r\\n\\r\\nOK\\r\\n'""]"
-55,4,3.774917217635375,4740.1382N,12218.2444W,-13.2,2.8,0,1171.3494165420002,"[""b'\\r\\n#MONI:"", 'T-Mobile', 'RSRP:-91', 'RSRQ:-12', 'TAC:2C34', 'Id:149DF0D', 'EARFCN:1050', 'PWR:-57dbm', 'DRX:128\\r\\n#MONI:', 'RSRP:-91', 'RSRQ:-12', 'PhysCellId:00000B6', 'EARFCN:1050', 'PWR:-57dbm\\r\\n#MONI:', 'RSRP:-97', 'RSRQ:-17', 'PhysCellId:000003A', 'EARFCN:1050', 'PWR:-71dbm\\r\\n#MONI:', 'RSRP:-95', 'RSRQ:-11', 'PhysCellId:00000B6', 'EARFCN:2300', 'PWR:-74dbm\\r\\n#MONI:', 'RSRP:-100', 'RSRQ:-17', 'PhysCellId:0000091', 'EARFCN:2300', ""PWR:-74dbm\\r\\n\\r\\nOK\\r\\n'""]"
-59,0,2.8867513459481287,4740.1262N,12218.2324W,-13.9,6.8,0,1186.3635780710001,"[""b'\\r\\n#MONI:"", 'T-Mobile', 'RSRP:-95', 'RSRQ:-15', 'TAC:2C34', 'Id:149DF0D', 'EARFCN:1050', 'PWR:-59dbm', 'DRX:128\\r\\n#MONI:', 'RSRP:-95', 'RSRQ:-15', 'PhysCellId:00000B6', 'EARFCN:1050', 'PWR:-59dbm\\r\\n#MONI:', 'RSRP:-95', 'RSRQ:-11', 'PhysCellId:00000B6', 'EARFCN:2300', 'PWR:-74dbm\\r\\n#MONI:', 'RSRP:-100', 'RSRQ:-17', 'PhysCellId:0000091', 'EARFCN:2300', ""PWR:-74dbm\\r\\n\\r\\nOK\\r\\n'""]"
-61,5,5.0,4740.1162N,12218.2250W,-14.0,11.0,0,1201.3852715060002,"[""b'\\r\\n#MONI:"", 'T-Mobile', 'RSRP:-90', 'RSRQ:-12', 'TAC:2C34', 'Id:149DF0D', 'EARFCN:1050', 'PWR:-57dbm', 'DRX:128\\r\\n#MONI:', 'RSRP:-90', 'RSRQ:-12', 'PhysCellId:00000B6', 'EARFCN:1050', 'PWR:-57dbm\\r\\n#MONI:', 'RSRP:-95', 'RSRQ:-11', 'PhysCellId:00000B6', 'EARFCN:2300', 'PWR:-74dbm\\r\\n#MONI:', 'RSRP:-100', 'RSRQ:-17', 'PhysCellId:0000091', 'EARFCN:2300', ""PWR:-74dbm\\r\\n\\r\\nOK\\r\\n'""]"
-59,4,4.509249752822894,4740.0919N,12218.2262W,-15.4,9.2,0,1216.408225997,"[""b'\\r\\n#MONI:"", 'T-Mobile', 'RSRP:-91', 'RSRQ:-12', 'TAC:2C34', 'Id:149DF0D', 'EARFCN:1050', 'PWR:-59dbm', 'DRX:128\\r\\n#MONI:', 'RSRP:-91', 'RSRQ:-12', 'PhysCellId:00000B6', 'EARFCN:1050', 'PWR:-59dbm\\r\\n#MONI:', 'RSRP:-95', 'RSRQ:-11', 'PhysCellId:00000B6', 'EARFCN:2300', 'PWR:-74dbm\\r\\n#MONI:', 'RSRP:-100', 'RSRQ:-17', 'PhysCellId:0000091', 'EARFCN:2300', ""PWR:-74dbm\\r\\n\\r\\nOK\\r\\n'""]"
-59,4,3.696845502136472,4740.0674N,12218.2225W,-13.1,7.0,0,1231.431149507,"[""b'\\r\\n#MONI:"", 'T-Mobile', 'RSRP:-91', 'RSRQ:-14', 'TAC:2C34', 'Id:149DF0D', 'EARFCN:1050', 'PWR:-56dbm', 'DRX:128\\r\\n#MONI:', 'RSRP:-91', 'RSRQ:-14', 'PhysCellId:00000B6', 'EARFCN:1050', 'PWR:-56dbm\\r\\n#MONI:', 'RSRP:-96', 'RSRQ:-17', 'PhysCellId:00000F8', 'EARFCN:1050', 'PWR:-67dbm\\r\\n#MONI:', 'RSRP:-95', 'RSRQ:-11', 'PhysCellId:00000B6', 'EARFCN:2300', 'PWR:-74dbm\\r\\n#MONI:', 'RSRP:-100', 'RSRQ:-17', 'PhysCellId:0000091', 'EARFCN:2300', ""PWR:-74dbm\\r\\n\\r\\nOK\\r\\n'""]"
-57,21,12.609520212918492,4740.0499N,12218.2136W,-10.7,3.5,0,1246.4542036460002,"[""b'\\r\\n#MONI:"", 'T-Mobile', 'RSRP:-74', 'RSRQ:-10', 'TAC:2C34', 'Id:149DF0D', 'EARFCN:1050', 'PWR:-44dbm', 'DRX:128\\r\\n#MONI:', 'RSRP:-74', 'RSRQ:-10', 'PhysCellId:00000B6', 'EARFCN:1050', 'PWR:-44dbm\\r\\n#MONI:', 'RSRP:-101', 'RSRQ:-16', 'PhysCellId:00000F8', 'EARFCN:1050', 'PWR:-60dbm\\r\\n#MONI:', 'RSRP:-95', 'RSRQ:-11', 'PhysCellId:00000B6', 'EARFCN:2300', 'PWR:-74dbm\\r\\n#MONI:', 'RSRP:-100', 'RSRQ:-17', 'PhysCellId:0000091', 'EARFCN:2300', ""PWR:-74dbm\\r\\n\\r\\nOK\\r\\n'""]"
-55,13,9.29157324317757,4740.0606N,12218.2179W,-10.9,4.6,0,1261.4770543959999,"[""b'\\r\\n#MONI:"", 'T-Mobile', 'RSRP:-82', 'RSRQ:-9', 'TAC:2C34', 'Id:149DF0D', 'EARFCN:1050', 'PWR:-52dbm', 'DRX:128\\r\\n#MONI:', 'RSRP:-82', 'RSRQ:-9', 'PhysCellId:00000B6', 'EARFCN:1050', 'PWR:-52dbm\\r\\n#MONI:', 'RSRP:-95', 'RSRQ:-11', 'PhysCellId:00000B6', 'EARFCN:2300', 'PWR:-74dbm\\r\\n#MONI:', 'RSRP:-100', 'RSRQ:-17', 'PhysCellId:0000091', 'EARFCN:2300', ""PWR:-74dbm\\r\\n\\r\\nOK\\r\\n'""]"
-55,9,7.094598884597588,4740.0885N,12218.2247W,-10.0,9.0,0,1276.499290665,"[""b'\\r\\n#MONI:"", 'T-Mobile', 'RSRP:-86', 'RSRQ:-8', 'TAC:2C34', 'Id:149DF0D', 'EARFCN:1050', 'PWR:-56dbm', 'DRX:128\\r\\n#MONI:', 'RSRP:-86', 'RSRQ:-8', 'PhysCellId:00000B6', 'EARFCN:1050', 'PWR:-56dbm\\r\\n#MONI:', 'RSRP:-95', 'RSRQ:-11', 'PhysCellId:00000B6', 'EARFCN:2300', 'PWR:-74dbm\\r\\n#MONI:', 'RSRP:-100', 'RSRQ:-17', 'PhysCellId:0000091', 'EARFCN:2300', ""PWR:-74dbm\\r\\n\\r\\nOK\\r\\n'""]"
-61,2,3.605551275463989,4740.0805N,12218.2229W,-10.5,6.5,0,1291.520922841,"[""b'\\r\\n#MONI:"", 'T-Mobile', 'RSRP:-93', 'RSRQ:-11', 'TAC:2C34', 'Id:149DF0D', 'EARFCN:1050', 'PWR:-61dbm', 'DRX:128\\r\\n#MONI:', 'RSRP:-93', 'RSRQ:-11', 'PhysCellId:00000B6', 'EARFCN:1050', 'PWR:-61dbm\\r\\n#MONI:', 'RSRP:-95', 'RSRQ:-11', 'PhysCellId:00000B6', 'EARFCN:2300', 'PWR:-74dbm\\r\\n#MONI:', 'RSRP:-100', 'RSRQ:-17', 'PhysCellId:0000091', 'EARFCN:2300', ""PWR:-74dbm\\r\\n\\r\\nOK\\r\\n'""]"
-63,2,3.605551275463989,4740.0392N,12218.2168W,-22.9,10.5,0,1306.5437039059998,"[""b'\\r\\n#MONI:"", 'T-Mobile', 'RSRP:-93', 'RSRQ:-12', 'TAC:2C34', 'Id:149DF0D', 'EARFCN:1050', 'PWR:-59dbm', 'DRX:128\\r\\n#MONI:', 'RSRP:-93', 'RSRQ:-12', 'PhysCellId:00000B6', 'EARFCN:1050', 'PWR:-59dbm\\r\\n#MONI:', 'RSRP:-95', 'RSRQ:-11', 'PhysCellId:00000B6', 'EARFCN:2300', 'PWR:-74dbm\\r\\n#MONI:', 'RSRP:-100', 'RSRQ:-17', 'PhysCellId:0000091', 'EARFCN:2300', ""PWR:-74dbm\\r\\n\\r\\nOK\\r\\n'""]"
-61,1,2.6457513110645907,4740.0405N,12218.2245W,-13.1,2.5,0,1321.56434262,"[""b'\\r\\n#MONI:"", 'T-Mobile', 'RSRP:-94', 'RSRQ:-12', 'TAC:2C34', 'Id:149DF0D', 'EARFCN:1050', 'PWR:-61dbm', 'DRX:128\\r\\n#MONI:', 'RSRP:-94', 'RSRQ:-12', 'PhysCellId:00000B6', 'EARFCN:1050', 'PWR:-61dbm\\r\\n#MONI:', 'RSRP:-97', 'RSRQ:-14', 'PhysCellId:000016D', 'EARFCN:1050', 'PWR:-74dbm\\r\\n#MONI:', 'RSRP:-95', 'RSRQ:-11', 'PhysCellId:00000B6', 'EARFCN:2300', 'PWR:-74dbm\\r\\n#MONI:', 'RSRP:-100', 'RSRQ:-17', 'PhysCellId:0000091', 'EARFCN:2300', ""PWR:-74dbm\\r\\n\\r\\nOK\\r\\n'""]"
-61,3,3.366501646120693,4740.0475N,12218.2431W,-19.3,4.2,0,1336.5866765370001,"[""b'\\r\\n#MONI:"", 'T-Mobile', 'RSRP:-92', 'RSRQ:-11', 'TAC:2C34', 'Id:149DF0D', 'EARFCN:1050', 'PWR:-61dbm', 'DRX:128\\r\\n#MONI:', 'RSRP:-92', 'RSRQ:-11', 'PhysCellId:00000B6', 'EARFCN:1050', 'PWR:-61dbm\\r\\n#MONI:', 'RSRP:-97', 'RSRQ:-12', 'PhysCellId:000016D', 'EARFCN:1050', 'PWR:-75dbm\\r\\n#MONI:', 'RSRP:-95', 'RSRQ:-11', 'PhysCellId:00000B6', 'EARFCN:2300', 'PWR:-74dbm\\r\\n#MONI:', 'RSRP:-100', 'RSRQ:-17', 'PhysCellId:0000091', 'EARFCN:2300', ""PWR:-74dbm\\r\\n\\r\\nOK\\r\\n'""]"
-57,4,4.509249752822894,4740.0303N,12218.2526W,-25.7,3.8,0,1351.6082923610002,"[""b'\\r\\n#MONI:"", 'T-Mobile', 'RSRP:-91', 'RSRQ:-9', 'TAC:2C34', 'Id:149DF0D', 'EARFCN:1050', 'PWR:-61dbm', 'DRX:128\\r\\n#MONI:', 'RSRP:-91', 'RSRQ:-9', 'PhysCellId:00000B6', 'EARFCN:1050', 'PWR:-61dbm\\r\\n#MONI:', 'RSRP:-95', 'RSRQ:-11', 'PhysCellId:00000B6', 'EARFCN:2300', 'PWR:-74dbm\\r\\n#MONI:', 'RSRP:-100', 'RSRQ:-17', 'PhysCellId:0000091', 'EARFCN:2300', ""PWR:-74dbm\\r\\n\\r\\nOK\\r\\n'""]"
-57,2,3.605551275463989,4740.0184N,12218.2487W,-22.1,5.4,0,1366.631096315,"[""b'\\r\\n#MONI:"", 'T-Mobile', 'RSRP:-93', 'RSRQ:-14', 'TAC:2C34', 'Id:149DF0D', 'EARFCN:1050', 'PWR:-58dbm', 'DRX:128\\r\\n#MONI:', 'RSRP:-93', 'RSRQ:-14', 'PhysCellId:00000B6', 'EARFCN:1050', 'PWR:-58dbm\\r\\n#MONI:', 'RSRP:-95', 'RSRQ:-11', 'PhysCellId:00000B6', 'EARFCN:2300', 'PWR:-74dbm\\r\\n#MONI:', 'RSRP:-100', 'RSRQ:-17', 'PhysCellId:0000091', 'EARFCN:2300', ""PWR:-74dbm\\r\\n\\r\\nOK\\r\\n'""]"
-63,1,3.8622100754188224,4740.0086N,12218.2526W,-25.0,4.1,0,1381.6541111020001,"[""b'\\r\\n#MONI:"", 'T-Mobile', 'RSRP:-94', 'RSRQ:-12', 'TAC:2C34', 'Id:149DF0D', 'EARFCN:1050', 'PWR:-61dbm', 'DRX:128\\r\\n#MONI:', 'RSRP:-94', 'RSRQ:-12', 'PhysCellId:00000B6', 'EARFCN:1050', 'PWR:-61dbm\\r\\n#MONI:', 'RSRP:-102', 'RSRQ:-16', 'PhysCellId:00000F8', 'EARFCN:1050', 'PWR:-76dbm\\r\\n#MONI:', 'RSRP:-95', 'RSRQ:-11', 'PhysCellId:00000B6', 'EARFCN:2300', 'PWR:-74dbm\\r\\n#MONI:', 'RSRP:-100', 'RSRQ:-17', 'PhysCellId:0000091', 'EARFCN:2300', ""PWR:-74dbm\\r\\n\\r\\nOK\\r\\n'""]"
-61,3,3.304037933599835,4740.0049N,12218.2586W,-25.5,5.1,0,1396.676398353,"[""b'\\r\\n#MONI:"", 'T-Mobile', 'RSRP:-92', 'RSRQ:-12', 'TAC:2C34', 'Id:149DF0D', 'EARFCN:1050', 'PWR:-60dbm', 'DRX:128\\r\\n#MONI:', 'RSRP:-92', 'RSRQ:-12', 'PhysCellId:00000B6', 'EARFCN:1050', 'PWR:-60dbm\\r\\n#MONI:', 'RSRP:-96', 'RSRQ:-13', 'PhysCellId:00000F8', 'EARFCN:1050', 'PWR:-73dbm\\r\\n#MONI:', 'RSRP:-95', 'RSRQ:-11', 'PhysCellId:00000B6', 'EARFCN:2300', 'PWR:-74dbm\\r\\n#MONI:', 'RSRP:-100', 'RSRQ:-17', 'PhysCellId:0000091', 'EARFCN:2300', ""PWR:-74dbm\\r\\n\\r\\nOK\\r\\n'""]"
-61,6,5.507570547286102,4740.0187N,12218.2650W,-25.3,7.1,0,1411.697837695,"[""b'\\r\\n#MONI:"", 'T-Mobile', 'RSRP:-89', 'RSRQ:-9', 'TAC:2C34', 'Id:149DF0D', 'EARFCN:1050', 'PWR:-59dbm', 'DRX:128\\r\\n#MONI:', 'RSRP:-89', 'RSRQ:-9', 'PhysCellId:00000B6', 'EARFCN:1050', 'PWR:-59dbm\\r\\n#MONI:', 'RSRP:-95', 'RSRQ:-11', 'PhysCellId:00000B6', 'EARFCN:2300', 'PWR:-74dbm\\r\\n#MONI:', 'RSRP:-100', 'RSRQ:-17', 'PhysCellId:0000091', 'EARFCN:2300', ""PWR:-74dbm\\r\\n\\r\\nOK\\r\\n'""]"
-55,5,5.0,4739.9562N,12218.2476W,-30.0,6.8,0,1426.721060853,"[""b'\\r\\n#MONI:"", 'T-Mobile', 'RSRP:-90', 'RSRQ:-14', 'TAC:2C34', 'Id:149DF0D', 'EARFCN:1050', 'PWR:-56dbm', 'DRX:128\\r\\n#MONI:', 'RSRP:-90', 'RSRQ:-14', 'PhysCellId:00000B6', 'EARFCN:1050', 'PWR:-56dbm\\r\\n#MONI:', 'RSRP:-95', 'RSRQ:-11', 'PhysCellId:00000B6', 'EARFCN:2300', 'PWR:-74dbm\\r\\n#MONI:', 'RSRP:-100', 'RSRQ:-17', 'PhysCellId:0000091', 'EARFCN:2300', ""PWR:-74dbm\\r\\n\\r\\nOK\\r\\n'""]"
-53,7,6.027713773341708,4739.9196N,12218.2406W,-28.7,2.9,0,1441.7441467519998,"[""b'\\r\\n#MONI:"", 'T-Mobile', 'RSRP:-88', 'RSRQ:-14', 'TAC:2C34', 'Id:149DF0D', 'EARFCN:1050', 'PWR:-53dbm', 'DRX:128\\r\\n#MONI:', 'RSRP:-88', 'RSRQ:-14', 'PhysCellId:00000B6', 'EARFCN:1050', 'PWR:-53dbm\\r\\n#MONI:', 'RSRP:-95', 'RSRQ:-11', 'PhysCellId:00000B6', 'EARFCN:2300', 'PWR:-74dbm\\r\\n#MONI:', 'RSRP:-100', 'RSRQ:-17', 'PhysCellId:0000091', 'EARFCN:2300', ""PWR:-74dbm\\r\\n\\r\\nOK\\r\\n'""]"
-55,4,3.696845502136472,4739.8993N,12218.2369W,-31.7,5.1,0,1456.763681502,"[""b'\\r\\n#MONI:"", 'T-Mobile', 'RSRP:-91', 'RSRQ:-12', 'TAC:2C34', 'Id:149DF0D', 'EARFCN:1050', 'PWR:-58dbm', 'DRX:128\\r\\n#MONI:', 'RSRP:-91', 'RSRQ:-12', 'PhysCellId:00000B6', 'EARFCN:1050', 'PWR:-58dbm\\r\\n#MONI:', 'RSRP:-96', 'RSRQ:-18', 'PhysCellId:00000F8', 'EARFCN:1050', 'PWR:-68dbm\\r\\n#MONI:', 'RSRP:-95', 'RSRQ:-11', 'PhysCellId:00000B6', 'EARFCN:2300', 'PWR:-74dbm\\r\\n#MONI:', 'RSRP:-100', 'RSRQ:-17', 'PhysCellId:0000091', 'EARFCN:2300', ""PWR:-74dbm\\r\\n\\r\\nOK\\r\\n'""]"
-57,0,2.6076809620810595,4739.9009N,12218.2372W,-33.4,2.0,0,1471.7842769929998,"[""b'\\r\\n#MONI:"", 'T-Mobile', 'RSRP:-94', 'RSRQ:-15', 'TAC:2C34', 'Id:149DF0D', 'EARFCN:1050', 'PWR:-59dbm', 'DRX:128\\r\\n#MONI:', 'RSRP:-94', 'RSRQ:-15', 'PhysCellId:00000B6', 'EARFCN:1050', 'PWR:-59dbm\\r\\n#MONI:', 'RSRP:-94', 'RSRQ:-14', 'PhysCellId:00000F8', 'EARFCN:1050', 'PWR:-70dbm\\r\\n#MONI:', 'RSRP:-94', 'RSRQ:-15', 'PhysCellId:00001B5', 'EARFCN:1050', 'PWR:-70dbm\\r\\n#MONI:', 'RSRP:-95', 'RSRQ:-11', 'PhysCellId:00000B6', 'EARFCN:2300', 'PWR:-74dbm\\r\\n#MONI:', 'RSRP:-100', 'RSRQ:-17', 'PhysCellId:0000091', 'EARFCN:2300', ""PWR:-74dbm\\r\\n\\r\\nOK\\r\\n'""]"
-57,-3,1.632993161855452,4739.9224N,12218.2466W,-33.0,4.1,0,1486.807404651,"[""b'\\r\\n#MONI:"", 'T-Mobile', 'RSRP:-97', 'RSRQ:-15', 'TAC:2C34', 'Id:149DF0D', 'EARFCN:1050', 'PWR:-61dbm', 'DRX:128\\r\\n#MONI:', 'RSRP:-97', 'RSRQ:-15', 'PhysCellId:00000B6', 'EARFCN:1050', 'PWR:-61dbm\\r\\n#MONI:', 'RSRP:-97', 'RSRQ:-13', 'PhysCellId:00000F8', 'EARFCN:1050', 'PWR:-74dbm\\r\\n#MONI:', 'RSRP:-96', 'RSRQ:-13', 'PhysCellId:00001B5', 'EARFCN:1050', 'PWR:-73dbm\\r\\n#MONI:', 'RSRP:-94', 'RSRQ:-13', 'PhysCellId:00000B6', 'EARFCN:2300', 'PWR:-72dbm\\r\\n#MONI:', 'RSRP:-99', 'RSRQ:-18', 'PhysCellId:0000091', 'EARFCN:2300', 'PWR:-72dbm\\r\\n#MONI:', 'RSRP:-97', 'RSRQ:-16', 'PhysCellId:0000147', 'EARFCN:2300', ""PWR:-72dbm\\r\\n\\r\\nOK\\r\\n'""]"
-61,-1,0.8366600265340756,4739.9313N,12218.2617W,-32.7,3.4,0,1501.8235234570002,"[""b'\\r\\n#MONI:"", 'T-Mobile', 'RSRP:-97', 'RSRQ:-14', 'TAC:2C34', 'Id:149DF0D', 'EARFCN:1050', 'PWR:-61dbm', 'DRX:128\\r\\n#MONI:', 'RSRP:-97', 'RSRQ:-14', 'PhysCellId:00000B6', 'EARFCN:1050', 'PWR:-61dbm\\r\\n#MONI:', 'RSRP:-97', 'RSRQ:-14', 'PhysCellId:00000F8', 'EARFCN:1050', 'PWR:-72dbm\\r\\n#MONI:', 'RSRP:-98', 'RSRQ:-14', 'PhysCellId:00000F8', 'EARFCN:2300', 'PWR:-74dbm\\r\\n#MONI:', 'RSRP:-96', 'RSRQ:-12', 'PhysCellId:00000B6', 'EARFCN:2300', 'PWR:-74dbm\\r\\n#MONI:', 'RSRP:-98', 'RSRQ:-15', 'PhysCellId:0000147', 'EARFCN:2300', ""PWR:-74dbm\\r\\n\\r\\nOK\\r\\n'""]"
